-- phpMyAdmin SQL Dump
-- version 3.5.8.1
-- http://www.phpmyadmin.net
--
-- Host: localhost
-- Generation Time: Oct 03, 2013 at 01:58 PM
-- Server version: 5.5.32
-- PHP Version: 5.4.17

SET SQL_MODE="NO_AUTO_VALUE_ON_ZERO";
SET time_zone = "+00:00";


/*!40101 SET @OLD_CHARACTER_SET_CLIENT=@@CHARACTER_SET_CLIENT */;
/*!40101 SET @OLD_CHARACTER_SET_RESULTS=@@CHARACTER_SET_RESULTS */;
/*!40101 SET @OLD_COLLATION_CONNECTION=@@COLLATION_CONNECTION */;
/*!40101 SET NAMES utf8 */;

--
-- Database: `nurulfaj_nufa`
--

-- --------------------------------------------------------

--
-- Table structure for table `city`
--

CREATE TABLE IF NOT EXISTS `city` (
  `id_city` int(10) NOT NULL AUTO_INCREMENT,
  `name_city` varchar(100) NOT NULL,
  PRIMARY KEY (`id_city`)
) ENGINE=InnoDB  DEFAULT CHARSET=latin1 AUTO_INCREMENT=11 ;

--
-- Dumping data for table `city`
--

INSERT INTO `city` (`id_city`, `name_city`) VALUES
(8, 'Jakarta'),
(10, 'Bogor');

-- --------------------------------------------------------

--
-- Table structure for table `class`
--

CREATE TABLE IF NOT EXISTS `class` (
  `id_class` int(10) NOT NULL AUTO_INCREMENT,
  `name_class` varchar(100) NOT NULL,
  PRIMARY KEY (`id_class`)
) ENGINE=InnoDB  DEFAULT CHARSET=latin1 AUTO_INCREMENT=4 ;

--
-- Dumping data for table `class`
--

INSERT INTO `class` (`id_class`, `name_class`) VALUES
(1, 'Kelas 7'),
(2, 'Kelas 8'),
(3, 'Kelas 9');

-- --------------------------------------------------------

--
-- Table structure for table `comment`
--

CREATE TABLE IF NOT EXISTS `comment` (
  `id_comment` int(10) NOT NULL AUTO_INCREMENT,
  `id_content` int(10) NOT NULL,
  `id_user` int(10) NOT NULL,
  `author_comment` varchar(100) DEFAULT NULL,
  `phone_comment` varchar(20) DEFAULT NULL,
  `email_comment` varchar(100) DEFAULT NULL,
  `name_comment` varchar(50) NOT NULL,
  `desc_comment` text NOT NULL,
  `cd_comment` datetime NOT NULL,
  `parent_comment` int(10) DEFAULT NULL,
  `is_acomment` tinyint(1) DEFAULT NULL,
  `id_rcomment` int(10) DEFAULT NULL,
  PRIMARY KEY (`id_comment`)
) ENGINE=InnoDB  DEFAULT CHARSET=latin1 AUTO_INCREMENT=68 ;

--
-- Dumping data for table `comment`
--

INSERT INTO `comment` (`id_comment`, `id_content`, `id_user`, `author_comment`, `phone_comment`, `email_comment`, `name_comment`, `desc_comment`, `cd_comment`, `parent_comment`, `is_acomment`, `id_rcomment`) VALUES
(1, 13, 0, 'Xicors Vincent', NULL, 'xicors@yahoo.co.id', '', 'bankai\r\n', '2013-07-12 01:11:26', 0, 1, NULL),
(6, 0, 0, 'Xicors Vincent', '083893261246', 'xicors@yahoo.co.id', '', 'aaaaaaaaaaad', '2013-07-16 22:44:23', 0, 1, 2),
(9, 0, 0, 'Xicors Vincent', '087874478666', 'xicors@yahoo.co.id', '', 'hadi ubaidillah', '2013-07-13 11:35:46', 0, 1, 3),
(13, 0, 0, 'Xicors Vincent', NULL, 'xicors@yahoo.co.id', 'Contoh 1', 'contoh aspirasi', '2013-07-16 22:56:02', 0, 1, 1),
(14, 0, 0, 'Xicors Vincent', '087384972938', 'xicors@yahoo.co.id', '', 'Contoh Contact', '2013-07-13 23:45:18', 0, 1, 3),
(15, 0, 0, 'Xicors Vincent', '087874478666', 'xicors@yahoo.co.id', '', 'Contoh Contact', '2013-07-13 23:43:51', 0, 1, 3),
(16, 14, 0, 'Bu Masitoh', NULL, 'masitoh@gmail.com', '', 'hai', '2013-07-14 08:11:12', 0, NULL, 0),
(17, 23, 0, 'Bu Masitoh', NULL, 'masitoh@gmail.com', '', 'haha', '2013-07-14 08:17:15', 0, NULL, 0),
(19, 25, 0, 'Bu Masitoh', NULL, 'masitoh@gmail.com', '', 'ini contoh komentar berita yang sudah di update', '2013-07-14 08:32:48', 0, NULL, 4),
(20, 0, 0, 'Xicors Vincent', NULL, 'xicors@yahoo.co.id', 'Bankai122', 'kudo122', '2013-07-16 22:39:22', 0, 1, 1),
(22, 0, 0, 'Xicors Vincent', NULL, 'xicors@yahoo.co.id', 'Masa lalu adalah sejarah, masa depan adalah mister', 'Masa lalu adalah sejarah, masa depan adalah misteri, dan masa kini adalah anugrah', '2013-09-30 20:44:30', 0, 1, 12),
(23, 0, 0, 'Xicors Vincent', NULL, 'xicors@yahoo.co.id', 'jadilah pribadi luhur seperti Rasulullah SAW', 'jadilah pribadi luhur seperti Rasulullah SAW', '2013-09-30 20:43:52', 0, 1, 12),
(24, 0, 0, 'Xicors Vincent', NULL, 'xicors@yahoo.co.id', 'Apa yang kau tanam itu yang kau petik', 'Apa yang kau tanam itu yang kau petik', '2013-09-30 20:44:10', 0, 1, 12),
(25, 24, 0, 'Xicors Vincent', NULL, 'xicors@yahoo.co.id', '', 'testing', '2013-07-19 15:26:29', 0, NULL, 5),
(26, 23, 0, 'Xicors Vincent', NULL, 'xicors@yahoo.co.id', '', 'mdl_comment->save', '2013-07-19 15:27:49', 0, NULL, 13),
(27, 24, 0, 'Xicors Vincent', NULL, 'xicors@yahoo.co.id', '', 'fvdfgdfg', '2013-07-19 15:38:50', 1, NULL, 5),
(28, 24, 0, 'Bu Masitoh', NULL, 'masitoh@gmail.com', '', 'ada apa ini', '2013-07-19 17:51:38', 0, NULL, 5),
(29, 24, 56, 'Bu Masitoh', NULL, 'masitoh@gmail.com', '', 'hoo\r\n', '2013-07-19 17:54:31', 1, NULL, 5),
(35, 24, 0, 'Xicors Vincent', NULL, 'xicors@yahoo.co.id', '', 'saya mau comment', '2013-07-20 00:33:52', 0, NULL, 5),
(36, 24, 0, 'Xicors Vincent', NULL, 'xicors@yahoo.co.id', '', 'saya mengcomment yang tadi', '2013-07-20 00:34:20', 35, NULL, 5),
(37, 24, 0, 'Xicors Vincent', NULL, 'xicors@yahoo.co.id', '', 'saya comment lagi yang comment', '2013-07-20 01:09:54', 36, NULL, 5),
(38, 24, 0, 'Xicors Vincent', NULL, 'xicors@yahoo.co.id', '', 'comment lagiiiiiiiiiiiiiiiii i iiiiiiiiiiiiiiiiiiiiiiiiiiiii iiiiiiiiiiiiiiiiiiiiiiiiiiiiii iiiiiiiiiiiiiiiiiiiiiiiii iiiiiiiiiiiiiiiiiiiiiii iiiiiiiiiiiiiiiiiiiiiii iiiiiiiiiiiiii iiiiiiiiiiiiiiiii', '2013-07-20 01:10:33', 37, NULL, 5),
(39, 24, 0, 'Please Insert Your Name', NULL, 'xicors@yahoo.co.id', '', 'Please Leave A Message', '2013-07-20 01:15:11', 0, NULL, 5),
(40, 24, 0, 'Pan Chan', NULL, 'pan@gmail.com', '', 'saya tidak mengcomment siapapun !!!', '2013-07-20 14:05:48', 0, NULL, 5),
(41, 24, 0, 'Pan Chan', NULL, 'pan@gmail.com', '', 'saya meng comment yang paling banyak', '2013-07-20 14:06:05', 38, NULL, 5),
(42, 14, 0, 'Pan Chan', NULL, 'pan@gmail.com', '', 'testing\r\n', '2013-07-20 14:30:42', 0, NULL, 5),
(43, 14, 0, 'Pan Chan', NULL, 'pan@gmail.com', '', 'reply testing ah', '2013-07-20 14:30:56', 42, NULL, 5),
(44, 13, 0, 'Pan Chan', NULL, 'pan@gmail.com', '', 'testing\r\n', '2013-07-20 14:33:38', 0, NULL, 5),
(47, 0, 0, 'Xicors Vincent', '087874478666', 'xicors@yahoo.co.id', '', 'bankai', '2013-07-20 23:02:18', 0, 1, 3),
(48, 0, 0, 'Pan Chan', '087384972938', 'pan@gmail.com', '', 'testing bro', '2013-07-20 23:05:36', 0, 1, 3),
(50, 24, 0, 'Pan Chan', NULL, 'pan@gmail.com', '', 'ngetest bro', '2013-07-21 00:30:02', 0, NULL, 7),
(51, 24, 52, 'Pan Chan', NULL, 'pan@gmail.com', '', 'terakhir bro', '2013-07-21 00:31:17', 0, NULL, 7),
(52, 25, 52, 'Pan Chan', NULL, 'pan@gmail.com', '', 'testing terakhir bro', '2013-07-21 00:31:33', 0, NULL, 4),
(53, 17, 64, 'Xicors Vincent', NULL, 'xicors@yahoo.co.id', '', 'manthap bro', '2013-07-21 02:35:37', 0, NULL, 6),
(61, 17, 52, 'Pan Chan', NULL, 'pan@gmail.com', '', 'nge comment yang manthap bro', '2013-07-21 02:47:37', 60, NULL, 8),
(62, 17, 52, 'Pan Chan', NULL, 'pan@gmail.com', '', 'testing', '2013-07-21 02:51:10', 61, NULL, 8),
(63, 39, 52, 'Pan Chan', NULL, 'pan@gmail.com', '', 'hahahha', '2013-09-30 21:01:39', 0, NULL, 10),
(64, 39, 52, 'Pan Chan', NULL, 'pan@gmail.com', '', 'testing balik', '2013-09-30 21:01:52', 63, NULL, 10),
(65, 39, 52, 'Pan Chan', NULL, 'pan@gmail.com', '', 'testing balik', '2013-09-30 21:02:03', 64, NULL, 10),
(66, 33, 52, 'Pan Chan', NULL, 'pan@gmail.com', '', 'keren', '2013-10-02 04:39:33', 0, NULL, 10),
(67, 33, 52, 'Pan Chan', NULL, 'pan@gmail.com', '', 'keren', '2013-10-02 04:39:45', 66, NULL, 10);

-- --------------------------------------------------------

--
-- Table structure for table `content`
--

CREATE TABLE IF NOT EXISTS `content` (
  `id_content` int(10) NOT NULL AUTO_INCREMENT,
  `id_user` int(10) DEFAULT NULL,
  `id_picture` int(10) DEFAULT NULL,
  `id_rcontent` int(10) NOT NULL,
  `id_tcontent` int(10) DEFAULT NULL,
  `name_content` varchar(100) NOT NULL,
  `desc_content` longtext NOT NULL,
  `picture_content` varchar(100) DEFAULT NULL,
  `is_acontent` tinyint(1) DEFAULT NULL,
  `is_dcontent` tinyint(1) DEFAULT NULL,
  `cd_content` date DEFAULT NULL,
  `ud_content` date DEFAULT NULL,
  PRIMARY KEY (`id_content`),
  UNIQUE KEY `id_user` (`id_user`,`id_picture`,`id_rcontent`)
) ENGINE=InnoDB  DEFAULT CHARSET=latin1 AUTO_INCREMENT=61 ;

--
-- Dumping data for table `content`
--

INSERT INTO `content` (`id_content`, `id_user`, `id_picture`, `id_rcontent`, `id_tcontent`, `name_content`, `desc_content`, `picture_content`, `is_acontent`, `is_dcontent`, `cd_content`, `ud_content`) VALUES
(10, 72, NULL, 2, 1, 'Contoh Articles', '<br>&nbsp;&nbsp; &nbsp;&nbsp;&nbsp; &nbsp;&nbsp;&nbsp; &nbsp;&nbsp;&nbsp; &nbsp;if(isset($_POST[''change_photo''])) {<br>&nbsp;&nbsp; &nbsp;&nbsp;&nbsp; &nbsp;&nbsp;&nbsp; &nbsp;&nbsp;&nbsp; &nbsp;if(isset($_POST[''change_photo''])) {<br>&nbsp;&nbsp; &nbsp;&nbsp;&nbsp; &nbsp;&nbsp;&nbsp; &nbsp;&nbsp;&nbsp; &nbsp;if(isset($_POST[''change_photo''])) {', '0042.jpg', 1, 0, '2013-09-29', '2013-09-29'),
(12, 52, NULL, 2, 2, 'Contoh Article', 'id_tcontentid_tcontentid_tcontentid_tcontentid_tcontentid_tcontent', 'Screenshot_from_2013-06-08_15_18_41.png', 1, 0, '2013-07-12', '2013-07-12'),
(13, 64, NULL, 3, NULL, 'Contoh Prestasi', 'achievementachievementachievementachievementachievement', 'Screenshot_from_2013-06-08_15_18_49.png', 1, 0, '2013-07-12', '2013-07-12'),
(14, 64, NULL, 4, NULL, 'Contoh Fasilitas', 'articlearticlearticlearticlearticlearticle', 'Screenshot_from_2013-06-08_15_18_49.png', 0, 0, '2013-07-12', '2013-07-12'),
(15, 72, NULL, 8, NULL, 'Visi Dan Misi', '\n	\n	\n	\n\n\n<p class="western" style="margin-bottom: 0in"><br>\n</p>\n<p class="western" align="CENTER" style="text-indent: 0.58in; margin-bottom: 0in">\n<font color="#00b050"><font size="4"><b>VISI</b></font></font></p>\n<p class="western" style="text-indent: 0.58in; margin-bottom: 0in"><br>\n</p>\n<p class="western" style="margin-bottom: 0in; line-height: 150%"><font style="font-size: 11pt"><b>Unggul\ndalam Prestasi, Kokoh dalam Keimanan dan Berdaya guna bagi Masyarakat\n</b></font>\n</p>\n<p class="western" style="margin-left: 0.33in; text-indent: 0.25in; margin-bottom: 0in; line-height: 150%">\n<br>\n</p>\n<p class="western" align="CENTER" style="text-indent: 0.58in; margin-bottom: 0in">\n<font color="#00b050"><font size="4"><b>MISI</b></font></font></p>\n<p class="western" style="margin-bottom: 0in"><br>\n</p>\n<ol>\n	<li><p class="western" align="JUSTIFY" style="margin-bottom: 0in">Membangun\n	pribadi muslim/muslimah yang bermoral tinggi berdasarkan Iman dan\n	Takwa.</p>\n	</li><li><p class="western" align="JUSTIFY" style="margin-bottom: 0in">Membentuk\n	siswa – siswa berprestasi yang mampu mengenal potensi dirinya dan\n	mengembangkan kreativitasnya \n	</p>\n	</li><li><p class="western" align="JUSTIFY" style="margin-bottom: 0in">Mencetak\n	manusia yang berempati dan mencintai lingkungan, masyarakat, bangsa\n	dan agamanya.</p>\n	</li><li><p class="western" align="JUSTIFY" style="margin-bottom: 0in">Melaksanakan\n	pembelajaran dan bimbingan secara efektif, intensif dalam \n	lingkungan Islami.</p>\n	</li><li><p class="western" align="JUSTIFY" style="margin-bottom: 0in">Melibatkan\n	seluruh warga sekolah dan para pemangku kepentingan (stake holder)\n	sekolah melalui manajemen partisipatif dalam suasana kekeluargaan.</p>\n</li></ol>\n<p class="western" align="JUSTIFY" style="margin-bottom: 0in"><br>\n</p>', NULL, 1, 0, '2013-09-29', '2013-09-29'),
(16, 72, NULL, 7, NULL, 'Sejarah', '<p lang="sv-SE" class="western" align="JUSTIFY" style="margin-left: 0.2in; text-indent: 0.2in; margin-bottom: 0.14in; widows: 0; orphans: 0">&nbsp;Pendidikan merupakan kebutuhan mendasar manusia. Pendidikan yang\nmemadukan kekuatan ilmu dan agama akan membentuk kualitas sumber daya\nmanusia yang  beriman dan bertaqwa serta cerdas dan berakhlak mulia. \n</p>\n<p lang="sv-SE" class="western" align="JUSTIFY" style="margin-left: 0.2in; text-indent: 0.2in; margin-bottom: 0.14in; widows: 0; orphans: 0">\nData sensus penduduk Kecamatan Dramaga tahun 2007 menunjukkan\nsebanyak 1040 anak usia SMP di Dramaga tidak melanjutkan\npendidikannya karena kondisi ekonomi orangtua yang tidak mampu (92%).\nDan sebanyak 115 orang (11%) anak usia SMP tersebut terdapat di Desa\nCikarawang (Sumber: Kantor Kecamatan Dramaga).</p>\n<p lang="sv-SE" class="western" align="JUSTIFY" style="margin-left: 0.2in; text-indent: 0.2in; margin-bottom: 0.14in; widows: 0; orphans: 0">\nYayasan Nurul Fajar Bogor adalah sebuah yayasan sosial, pendidikan\ndan dakwah yang berupaya untuk mengambil peran dalam masalah  ini\ndengan mendirikan sebuah SMP mengingat Desa Cikarawang tempat\ndomisili Yayasan Nurul Fajar Bogor memiliki 4 SD yaitu : SDN 1\nCarangpulang, SDN 2 Carangpulang, SDN Babakan Darmaga 2  dan  SDN 1\nCangkrang yang letaknya cukup jauh dari SMP. Letak desa yang cukup\njauh ini menghabiskan ongkos perjalanan yang tidak sedikit ditambah\nbiaya pendidikan yang semakin meningkat. sehingga banyak anak yang\ncenderung tidak ingin melanjutkan sekolah karena kekurangan biaya\ntransport. \n</p>\n<p lang="sv-SE" class="western" align="JUSTIFY" style="margin-left: 0.2in; text-indent: 0.25in; margin-bottom: 0in">\nNiat baik ini berusaha diwujudkan dengan menghimpun tenaga-tenaga\npengajar berpengalaman lulusan Perguruan tinggi IPB, ITB dan IKIP.\nDengan demikian lembaga pendidikan ini mempunyai kualitas yang\nmemadai.</p>\n<p lang="sv-SE" class="western" align="JUSTIFY" style="margin-left: 0.2in; text-indent: 0.25in; margin-bottom: 0in">\n<br>\n</p>\n<p lang="sv-SE" class="western" align="JUSTIFY" style="margin-left: 0.2in; text-indent: 0.25in; margin-bottom: 0in">\nPada prinsipnya tenaga pengajar ini bersedia bekerja sukarela, dan\nhanya diganti transportnya saja. Biaya operasional sekolah berupa\ntransport dan lain-lain sebagian besar diupayakan dari donatur\nmengingat siswa umumnya berasal dari keluarga tidak mampu.  Tentu\nsaja jika lembaga ini mendapat support finansial yang baik dari para\ndonatur, tidak menutup kemungkinan dapat memberi yang lebih baik pada\ntenaga pengajar maupun dalam penyelenggaraan pendidikannya.</p><br><a></a>', NULL, 1, 0, '2013-09-29', '2013-09-29'),
(17, 64, NULL, 9, NULL, 'Contoh Gallery', 'ini contoh gallery deskripsi<br>', 'Screenshot_from_2013-06-08_15_18_49.png', 1, 0, '2013-07-12', '2013-07-12'),
(19, 64, NULL, 9, NULL, 'Gak Tau', '', NULL, 1, 0, '2013-07-12', '2013-07-12'),
(21, 64, NULL, 9, NULL, 'hadi', '', NULL, 1, 0, '2013-07-12', '2013-07-12'),
(22, 72, NULL, 10, 101, 'Call With Skipe', 'http://www.futureleaf.co.id/', NULL, 1, 0, '2013-10-02', '2013-10-02'),
(23, 64, NULL, 11, NULL, 'Contoh Sporter', 'http://www.java.com/', 'e7c520fe1c1dd63279b40d91e4f4e8f9be91.jpg', 1, 0, '2013-07-14', '2013-07-14'),
(24, 72, NULL, 5, NULL, 'Minggu depan ulangan hariah', 'anak-anak jangan lupa belajar untuk ulangan harian bahasa jepang tanggal 16 november 2001', '30364530.jpg', 1, 0, '2013-08-15', '2013-08-15'),
(25, 72, NULL, 1, NULL, 'Tes Golongan Darah', 'Hai teman,buat teman teman yang belum mendapat kesempatan acara ini insya allah tahun depan akan diadakan lagi\nIni sebenernya acara perdana Esktrakulikuler kita yaitu PMR(Palang Merah Remaja) tujuan dari acara ini sih untuk membantu teman teman kita yang belum mengetahui golongan darah mereka\n"Acara ini telah sukses namun bukan berarti kami semua berbangga hati disini,masih banyak kekurangan dari kami dan kami akan terus memperbaiki kekurangan itu,Insya allah ini akan menjadi Program tahunan yang akan di laksanakan PMR dengan sekolah dan beberapa kerja sama organisasi lain"Ujar Panitia Golongan Darah tersebut\nselain tanggapan dari panitia ada juga nih tanggapan dari teman teman kita\n"awalnya saya sangat takut ketika melihat jarum suntik bahkan saya hampir membatalkan ikut acara,namun semua sirna setelah beberapa rekan saya dan panitia membujuk saya untuk tetap ikut alhasil saya mengikutinya memang saya sedikit merasakan sakit,saya harap ini akan menjadi acara rutin sekolah mengingat golongan darah itu penting"Ujar salah seorang siswa yang mengikuti acara\n\n<div class="separator" style="font-family: Georgia, serif; font-size: 10pt; font-style: normal; font-variant: normal; font-weight: normal; line-height: 20.796875px; color: rgb(42, 55, 47); background-color: rgb(255, 255, 255); clear: both; text-align: center;"><br></div><div class="separator" style="font-family: Georgia, serif; font-size: 10pt; font-style: normal; font-variant: normal; font-weight: normal; line-height: 20.796875px; color: rgb(42, 55, 47); background-color: rgb(255, 255, 255); clear: both; text-align: center;"><img border="0" height="240" src="http://2.bp.blogspot.com/--KHI8xd3s1I/T1IsaCUmDcI/AAAAAAAABLM/LeTtkhZB2nM/s320/Foto-0013.jpg" width="320" style="border: 0px solid rgb(204, 204, 204); padding-top: 4px;"></div><div class="separator" style="font-family: Georgia, serif; font-size: 10pt; font-style: normal; font-variant: normal; font-weight: normal; line-height: 20.796875px; color: rgb(42, 55, 47); background-color: rgb(255, 255, 255); clear: both; text-align: center;"><img border="0" height="240" src="http://1.bp.blogspot.com/-MQTcKRpiRg8/T1It3B3bxiI/AAAAAAAABL8/aWORwrL2wCg/s320/Foto-0070.jpg" width="320"></div>', 'Foto-0068.jpg', 1, 0, '2013-08-15', '2013-08-15'),
(26, 64, NULL, 6, NULL, 'Ini Contoh Kegiatan', 'lastlas tlast las tlastl astlas last', '2572.jpg', 1, 0, '2013-07-17', '2013-07-17'),
(27, 64, NULL, 6, NULL, 'Testing 1', 'lastlas tlast las tlastl astlas last', '2573.jpg', 1, 0, '2013-07-17', '2013-07-17'),
(28, 64, NULL, 6, NULL, 'Testing 2', 'lastlastlastla stlastl astlastla stlastl astlastlast', '2561.jpg', 1, 0, '2013-07-17', '2013-07-17'),
(29, 72, NULL, 6, NULL, 'Pramuka Membantu Melerai Kemacetan', 'yang dilakukan malah tadi tepatnya tanggal 24 Desember yang di isi banyak kegiatan dan pemilihan Ketua yang baru untuk periode 2012-2013 mendarang.\n\nSetelah melakukan perayaan itu anggota pramuka paginya sekiar jam 07:00 wib langsung turun ke jalan ikut melerai kemacetan yang terjadi di sepanjang jalan dramaga. Kemacetana ini terjadi hampir setiap hari terjadi namun belum ada solusi untuk melerai kemacetan yang ada. Pelebaran jalan yang diharapkan bisa melerai kemacetan yang ada ternyata tidak cukup membantu, pasalnya jumlah kendaraan tak seimbang dengan laju pembangunan jalan yang ada di daerah Kabupaten Bogor.\n\n"Untung saja ada anak-anak Pramauka itu (Sman 1 Dramaga red.) yang bisa bantu mengurangi kemacetan dengan cara menertibkan pengguna jalan untuk dijadikan satu jalur biar gak semrawut." ujar cecep salah satu sopir anggot ciampea yang selalu kejebak macet dijalan raya ini.\n\nLokasi yang merupakan langganan macet ini disebabkan dengan banyaknya aktifitas yang ada, mulai dari pertigaan kampus Ipb samapai dengan terminal Laladon terdapat 9 Sekolah dan 2 pabrik yang sering menjadi faktor penyebab terjadinya kemacetan, selanjutnya makin bertamabahnya kendaraan yang menumpuk pada jam-jam sibuk juga makin menambah kemacetan yang ada. Apalagi sekrang sedang musim liburan tahun baru dan natal, pasti kemacetan akan sangat panjang sekali.\n\n"Kami sangat terpanggil hatinya untuk langsung turun kejalan melihat kemacetan yang terjadi, apalagi kemacetan berada didepan sekolah kami. Tanpa basa basi saya dan anggota pramuka lain lansung membantu untuk melerai kemacetan, awalnya cukup canggung dan takut namun setelah berada di lapangan semua itu hilang begitu saja dan kami bisa tersenyum lebar melihat kemacetan berkurang." kata ikwan ketua pramuka Sman 1 Dramaga yang baru.\n\nDengan adanya bangunan RS. Medika Dramaga yang dibangun persisi didepan Sman 1 Dramaga akan menambah kemacetan yang terjadi apabila RS tersebut sudah dibanggun. Pembuatan jalur alternatif mungkin bisa mengurangi kemacetan yang terjadi di jalan dramaga ini.', '24122011529.jpg', 0, 0, '2013-08-15', '2013-08-15'),
(30, 64, NULL, 5, NULL, 'Contoh Pengumuman 2', 'ini adalah contoh pengumuman 2 yang saya buat untuk mengetes mengenai pemuktahiran website Nurul Fajar<br>', '2562.jpg', 1, 0, '2013-07-18', '2013-07-18'),
(31, 64, NULL, 11, NULL, 'Contoh Gallery', 'mdl_comment->savemdl_comment->savemdl_comment->savemdl_comment->save', '251.jpg', 1, 0, '2013-07-19', '2013-07-19'),
(32, 64, NULL, 5, NULL, 'Contoh Pengumuman', '<h3><a href="../../front/notifications/24.do" title="Contoh Pengumuman">Contoh Pengumuman</a></h3><h3><a href="../../front/notifications/24.do" title="Contoh Pengumuman">Contoh Pengumuman</a></h3><h3><a href="../../front/notifications/24.do" title="Contoh Pengumuman">Contoh Pengumuman</a></h3><h3><a href="../../front/notifications/24.do" title="Contoh Pengumuman">Contoh Pengumuman</a></h3><h3><a href="../../front/notifications/24.do" title="Contoh Pengumuman">Contoh Pengumuman</a></h3><h3><a href="../../front/notifications/24.do" title="Contoh Pengumuman">Contoh Pengumuman</a></h3><h3><a href="../../front/notifications/24.do" title="Contoh Pengumuman">Contoh Pengumuman</a></h3><h3><a href="../../front/notifications/24.do" title="Contoh Pengumuman">Contoh Pengumuman</a></h3><h3><a href="../../front/notifications/24.do" title="Contoh Pengumuman">Contoh Pengumuman</a></h3><h3><a href="../../front/notifications/24.do" title="Contoh Pengumuman">Contoh Pengumuman</a></h3>', '2574.jpg', 1, 0, '2013-07-19', '2013-07-19'),
(33, 52, NULL, 2, 1, 'Manfaat memaca Al-Qur''an', 'Assalamu''alaikum WR. WB.<div><span style="font-size: 10pt;">Al Quran sebagai wahyu dari Allah SWT yang diturunkan kepada Baginda Nabi besar Muhammad SAW yang menjadi pedoman bagi setiap umat manusia sebagai pedoman hidup guna menunjukkan kepada jalan kebaikan dan kebenaran, mengingatkan manusia agar berpegang teguh pada Al Quran untuk selamat di Dunia dan Akhirat.&nbsp;</span><strong transparent;="" border:="" 0px;="" margin:="" padding:="" vertical-align:="" baseline;"="" style="font-size: 10pt;">Jika suatu buku memiliki suatu nilai manfaat dari setiap isinya, maka alquran banyak memiliki manfaat dan menjadi tuntunan hidup atau pegangan manusia dalam hidup didunia</strong><span style="font-size: 10pt;">.</span><strong transparent;="" border:="" 0px;="" margin:="" padding:="" vertical-align:="" baseline;"="" style="font-size: 10pt;"><span transparent;="" border:="" 0px;="" margin:="" padding:="" vertical-align:="" baseline;="" color:="" rgb(0,="" 0,="" 255);="" background-position:="" initial="" initial;="" background-repeat:="" initial;"="">&nbsp;Bahkan Al Quran memiliki keistimewaan bagi setiap orang yang membacanya, bahkan dalam sabda Rasulullah SAW yang berbunyi :</span></strong></div><div><p rgb(255,="" 255,="" 255);="" border:="" 0px;="" margin:="" 0px="" 24px;="" padding:="" vertical-align:="" baseline;="" color:="" rgb(51,="" 51,="" 51);="" font-family:="" georgia,="" ''bitstream="" charter'',="" serif;="" font-size:="" 16px;="" line-height:="" 24px;"=""><strong transparent;="" border:="" 0px;="" margin:="" padding:="" vertical-align:="" baseline;"=""><span transparent;="" border:="" 0px;="" margin:="" padding:="" vertical-align:="" baseline;="" color:="" rgb(0,="" 0,="" 255);="" background-position:="" initial="" initial;="" background-repeat:="" initial;"="">” Ibadah yang paling istimewa adalah membaca Al Quran dan mengamalkannya dalam kehidupan sehari-hari”. Bahkan dari tiap 1 ayat yang dibaca mengandung 10 kebaikan di dalamnya. Karena keistimewaan Al Quran mampu membuat hidup manusia menjadi aman dan tentram.</span></strong></p><p rgb(255,="" 255,="" 255);="" border:="" 0px;="" margin:="" 0px="" 24px;="" padding:="" vertical-align:="" baseline;="" color:="" rgb(51,="" 51,="" 51);="" font-family:="" georgia,="" ''bitstream="" charter'',="" serif;="" font-size:="" 16px;="" line-height:="" text-align:="" center;"=""><strong transparent;="" border:="" 0px;="" margin:="" padding:="" vertical-align:="" baseline;"=""><img class="size-full wp-image-16 aligncenter" title="AlQuran" src="http://belajarbacaalquran.com/wp-content/uploads/2011/10/AlQuran.jpg" alt="" width="489" height="367" transparent;="" border:="" 0px;="" margin:="" 0px="" auto="" 12px;="" padding:="" vertical-align:="" baseline;="" clear:="" both;="" display:="" block;="" max-width:="" 100%;="" height:="" auto;="" background-position:="" initial="" initial;="" background-repeat:="" initial;"=""></strong></p><p rgb(255,="" 255,="" 255);="" border:="" 0px;="" margin:="" 0px="" 24px;="" padding:="" vertical-align:="" baseline;="" color:="" rgb(51,="" 51,="" 51);="" font-family:="" georgia,="" ''bitstream="" charter'',="" serif;="" font-size:="" 16px;="" line-height:="" 24px;"=""><strong transparent;="" border:="" 0px;="" margin:="" padding:="" vertical-align:="" baseline;"="">Berikut ini sepenggalan manfaat mempelajari, membaca dan mengamalkan Al Quran, diantaranya adalah :</strong></p><p rgb(255,="" 255,="" 255);="" border:="" 0px;="" margin:="" 0px="" 24px;="" padding:="" vertical-align:="" baseline;="" color:="" rgb(51,="" 51,="" 51);="" font-family:="" georgia,="" ''bitstream="" charter'',="" serif;="" font-size:="" 16px;="" line-height:="" 24px;"="">1. Dari tiap ayat Al Quran yang dibaca mengandung 10 kebaikan di dalamnya</p><p rgb(255,="" 255,="" 255);="" border:="" 0px;="" margin:="" 0px="" 24px;="" padding:="" vertical-align:="" baseline;="" color:="" rgb(51,="" 51,="" 51);="" font-family:="" georgia,="" ''bitstream="" charter'',="" serif;="" font-size:="" 16px;="" line-height:="" 24px;"="">2. Al Quran sebagai pedoman hidup manusia untuk menuntun kepada jalan kebaikan, kebenaran dan keselamatan</p><p rgb(255,="" 255,="" 255);="" border:="" 0px;="" margin:="" 0px="" 24px;="" padding:="" vertical-align:="" baseline;="" color:="" rgb(51,="" 51,="" 51);="" font-family:="" georgia,="" ''bitstream="" charter'',="" serif;="" font-size:="" 16px;="" line-height:="" 24px;"="">3. Al Quran sebagai penyejuk hati bagi siapa saja yang membacanya</p><p rgb(255,="" 255,="" 255);="" border:="" 0px;="" margin:="" 0px="" 24px;="" padding:="" vertical-align:="" baseline;="" color:="" rgb(51,="" 51,="" 51);="" font-family:="" georgia,="" ''bitstream="" charter'',="" serif;="" font-size:="" 16px;="" line-height:="" 24px;"="">4. Al Quran mampu memotivasi diri dan pemberi semangat</p><p rgb(255,="" 255,="" 255);="" border:="" 0px;="" margin:="" 0px="" 24px;="" padding:="" vertical-align:="" baseline;="" color:="" rgb(51,="" 51,="" 51);="" font-family:="" georgia,="" ''bitstream="" charter'',="" serif;="" font-size:="" 16px;="" line-height:="" 24px;"="">5. Al Quran sebagai sebuah peringatan besar dan teguran akan sifat dan perilaku manusia</p><p rgb(255,="" 255,="" 255);="" border:="" 0px;="" margin:="" 0px="" 24px;="" padding:="" vertical-align:="" baseline;="" color:="" rgb(51,="" 51,="" 51);="" font-family:="" georgia,="" ''bitstream="" charter'',="" serif;="" font-size:="" 16px;="" line-height:="" 24px;"="">6. Al Quran sebagai pelebur segala emosi dan amarah yang mampu mendamaikan dan memberi ketenangan yang tidak dapat dilukiskan atau digambarkan seperti halnya yang terjadi pada Sayyid Quthb Rahimakumullah</p><p rgb(255,="" 255,="" 255);="" border:="" 0px;="" margin:="" 0px="" 24px;="" padding:="" vertical-align:="" baseline;="" color:="" rgb(51,="" 51,="" 51);="" font-family:="" georgia,="" ''bitstream="" charter'',="" serif;="" font-size:="" 16px;="" line-height:="" 24px;"="">7. Al Quran sebagai sarana komunikasi diri dengan Allah SWT</p><p rgb(255,="" 255,="" 255);="" border:="" 0px;="" margin:="" 0px="" 24px;="" padding:="" vertical-align:="" baseline;="" color:="" rgb(51,="" 51,="" 51);="" font-family:="" georgia,="" ''bitstream="" charter'',="" serif;="" font-size:="" 16px;="" line-height:="" 24px;"="">8. Al Quran sebagai pengingat akan kebesaran Allah SWT</p><p rgb(255,="" 255,="" 255);="" border:="" 0px;="" margin:="" 0px="" 24px;="" padding:="" vertical-align:="" baseline;="" color:="" rgb(51,="" 51,="" 51);="" font-family:="" georgia,="" ''bitstream="" charter'',="" serif;="" font-size:="" 16px;="" line-height:="" 24px;"="">9. Dalam sebuah janjiNya, Allah SWT berjanji akan memberikan segala kebutuhan dan mencukupi segala kehidupan manusia di dunia dan di akhirat serta mengangkat derajat manusia meski di dunia hidup penuh dengan segala kekurangan</p><p rgb(255,="" 255,="" 255);="" border:="" 0px;="" margin:="" 0px="" 24px;="" padding:="" vertical-align:="" baseline;="" color:="" rgb(51,="" 51,="" 51);="" font-family:="" georgia,="" ''bitstream="" charter'',="" serif;="" font-size:="" 16px;="" line-height:="" 24px;"="">10. Al Quran akan menjadi pelindung diri bagi siapa saja yang membacanya dari tiap ayat yang dibacanya</p><p rgb(255,="" 255,="" 255);="" border:="" 0px;="" margin:="" 0px="" 24px;="" padding:="" vertical-align:="" baseline;="" color:="" rgb(51,="" 51,="" 51);="" font-family:="" georgia,="" ''bitstream="" charter'',="" serif;="" font-size:="" 16px;="" line-height:="" 24px;"="">11. Al Quran bagi siapa saja yang memahami dan mengamalkannya dalam kehidupan sehari-hari akan semakin bertambah ilmunya</p><p rgb(255,="" 255,="" 255);="" border:="" 0px;="" margin:="" 0px="" 24px;="" padding:="" vertical-align:="" baseline;="" color:="" rgb(51,="" 51,="" 51);="" font-family:="" georgia,="" ''bitstream="" charter'',="" serif;="" font-size:="" 16px;="" line-height:="" 24px;"="">12. Siapa saja yang mempelajari dan memahami Al Quran bagaikan menyelami luasnya samudera kehidupan dan menikmati anugerah kehidupan yang dirasakannya serta mengambil segala hikmah dan manfaat dari Al Quran</p><p rgb(255,="" 255,="" 255);="" border:="" 0px;="" margin:="" 0px="" 24px;="" padding:="" vertical-align:="" baseline;="" color:="" rgb(51,="" 51,="" 51);="" font-family:="" georgia,="" ''bitstream="" charter'',="" serif;="" font-size:="" 16px;="" line-height:="" 24px;"="">13. Seseorang yang rajin membaca Al Quran memiliki jiwa yang sejuk, penuh dengan kesabaran, hati yang jernih, jiwa dan pikiran yang lapang, dan wajah yang bercahaya</p><p rgb(255,="" 255,="" 255);="" border:="" 0px;="" margin:="" 0px="" 24px;="" padding:="" vertical-align:="" baseline;="" color:="" rgb(51,="" 51,="" 51);="" font-family:="" georgia,="" ''bitstream="" charter'',="" serif;="" font-size:="" 16px;="" line-height:="" 24px;"="">14. Menjadikan seorang yang kreatif, penuh motivasi dan inovatif</p><p rgb(255,="" 255,="" 255);="" border:="" 0px;="" margin:="" 0px="" 24px;="" padding:="" vertical-align:="" baseline;="" color:="" rgb(51,="" 51,="" 51);="" font-family:="" georgia,="" ''bitstream="" charter'',="" serif;="" font-size:="" 16px;="" line-height:="" 24px;"="">15. Membuat manusia semakin dekat dengan Sang Maha Pencipta Dunia dengan segala isinya</p><p rgb(255,="" 255,="" 255);="" border:="" 0px;="" margin:="" 0px="" 24px;="" padding:="" vertical-align:="" baseline;="" color:="" rgb(51,="" 51,="" 51);="" font-family:="" georgia,="" ''bitstream="" charter'',="" serif;="" font-size:="" 16px;="" line-height:="" 24px;"="">16. Membuat seseorang menjadi bersyukur dengan segala nikmatNya</p><p rgb(255,="" 255,="" 255);="" border:="" 0px;="" margin:="" 0px="" 24px;="" padding:="" vertical-align:="" baseline;="" color:="" rgb(51,="" 51,="" 51);="" font-family:="" georgia,="" ''bitstream="" charter'',="" serif;="" font-size:="" 16px;="" line-height:="" 24px;"="">17. Terhindar dari segala kecemasan, kekhawatiran, rasa pesimis, kesedihan, selalu penuh dengan harapan dan kegembiraan</p><p rgb(255,="" 255,="" 255);="" border:="" 0px;="" margin:="" 0px="" 24px;="" padding:="" vertical-align:="" baseline;="" color:="" rgb(51,="" 51,="" 51);="" font-family:="" georgia,="" ''bitstream="" charter'',="" serif;="" font-size:="" 16px;="" line-height:="" 24px;"="">18. Selalu mendapat jalan kemudahan, kebaikan dan petunjuk serta mengingatkan diri dari hal-hal yang dilarangNya</p><p rgb(255,="" 255,="" 255);="" border:="" 0px;="" margin:="" 0px="" 24px;="" padding:="" vertical-align:="" baseline;="" color:="" rgb(51,="" 51,="" 51);="" font-family:="" georgia,="" ''bitstream="" charter'',="" serif;="" font-size:="" 16px;="" line-height:="" 24px;"="">19. Bagi seseorang yang membaca dan mengamalkannya, merasakan senantiasa dalam setiap langkahnya selalu dilindungi oleh Allah SWT</p><p rgb(255,="" 255,="" 255);="" border:="" 0px;="" margin:="" 0px="" 24px;="" padding:="" vertical-align:="" baseline;="" color:="" rgb(51,="" 51,="" 51);="" font-family:="" georgia,="" ''bitstream="" charter'',="" serif;="" font-size:="" 16px;="" line-height:="" 24px;"="">20. Sebagai pelebur dosa, yang mengingatkan manusia akan dosa-dosa dan mencegah dirinya kembali dalam dosa</p><p rgb(255,="" 255,="" 255);="" border:="" 0px;="" margin:="" 0px="" 24px;="" padding:="" vertical-align:="" baseline;="" color:="" rgb(51,="" 51,="" 51);="" font-family:="" georgia,="" ''bitstream="" charter'',="" serif;="" font-size:="" 16px;="" line-height:="" 24px;"="">21. Memperkuat keimanan, ketaqwaan dan penjagaan diri</p><p rgb(255,="" 255,="" 255);="" border:="" 0px;="" margin:="" 0px="" 24px;="" padding:="" vertical-align:="" baseline;="" color:="" rgb(51,="" 51,="" 51);="" font-family:="" georgia,="" ''bitstream="" charter'',="" serif;="" font-size:="" 16px;="" line-height:="" 24px;"="">22. Memudahkan segala rizki</p><p rgb(255,="" 255,="" 255);="" border:="" 0px;="" margin:="" 0px="" 24px;="" padding:="" vertical-align:="" baseline;="" color:="" rgb(51,="" 51,="" 51);="" font-family:="" georgia,="" ''bitstream="" charter'',="" serif;="" font-size:="" 16px;="" line-height:="" 24px;"="">23. Sebagai pintu keberkahan bagi siapa saja yang membacanya</p><p rgb(255,="" 255,="" 255);="" border:="" 0px;="" margin:="" 0px="" 24px;="" padding:="" vertical-align:="" baseline;="" color:="" rgb(51,="" 51,="" 51);="" font-family:="" georgia,="" ''bitstream="" charter'',="" serif;="" font-size:="" 16px;="" line-height:="" 24px;"="">24. Dijadikan sebagai manusia yang terbaik</p><p rgb(255,="" 255,="" 255);="" border:="" 0px;="" margin:="" 0px="" 24px;="" padding:="" vertical-align:="" baseline;="" color:="" rgb(51,="" 51,="" 51);="" font-family:="" georgia,="" ''bitstream="" charter'',="" serif;="" font-size:="" 16px;="" line-height:="" 24px;"="">Dari `Utsman bin `Affan, dari Nabi bersabda : “Sebaik-baik kalian yaitu orang yang mempelajari Al Qur`an dan mengajarkannya.” H.R. Bukhari.</p><p rgb(255,="" 255,="" 255);="" border:="" 0px;="" margin:="" 0px="" 24px;="" padding:="" vertical-align:="" baseline;="" color:="" rgb(51,="" 51,="" 51);="" font-family:="" georgia,="" ''bitstream="" charter'',="" serif;="" font-size:="" 16px;="" line-height:="" 24px;"="">25. Akan dikumpulkan bersama para Malaikat Allah</p><p rgb(255,="" 255,="" 255);="" border:="" 0px;="" margin:="" 0px="" 24px;="" padding:="" vertical-align:="" baseline;="" color:="" rgb(51,="" 51,="" 51);="" font-family:="" georgia,="" ''bitstream="" charter'',="" serif;="" font-size:="" 16px;="" line-height:="" 24px;"="">Dari `Aisyah Radhiyallahu `Anha berkata, Rasulullah bersabda : “Orang yang membaca Al Qur`an dan ia mahir dalam membacanya maka ia akan dikumpulkan bersama para Malaikat yang mulia lagi berbakti. Sedangkan orang yang membaca Al Qur`an dan ia masih terbata-bata dan merasa berat (belum fasih) dalam membacanya, maka ia akan mendapat dua ganjaran.” Muttafaqun `Alaihi (Keuntungan dan kebaikan).</p><p rgb(255,="" 255,="" 255);="" border:="" 0px;="" margin:="" 0px="" 24px;="" padding:="" vertical-align:="" baseline;="" color:="" rgb(51,="" 51,="" 51);="" font-family:="" georgia,="" ''bitstream="" charter'',="" serif;="" font-size:="" 16px;="" line-height:="" 24px;"="">26. Sebagai syafa`at dan penyelamat di Hari Kiamat</p><p rgb(255,="" 255,="" 255);="" border:="" 0px;="" margin:="" 0px="" 24px;="" padding:="" vertical-align:="" baseline;="" color:="" rgb(51,="" 51,="" 51);="" font-family:="" georgia,="" ''bitstream="" charter'',="" serif;="" font-size:="" 16px;="" line-height:="" 24px;"="">Dari Abu Umamah Al Bahili t berkata, saya telah mendengar Rasulullah bersabda : “Bacalah Al Qur`an !, maka sesungguhnya ia akan datang pada Hari Kiamat sebagai syafaat bagi ahlinya (yaitu orang yang membaca, mempelajari dan mengamalkannya).” H.R. Muslim.</p><p rgb(255,="" 255,="" 255);="" border:="" 0px;="" margin:="" 0px="" 24px;="" padding:="" vertical-align:="" baseline;="" color:="" rgb(51,="" 51,="" 51);="" font-family:="" georgia,="" ''bitstream="" charter'',="" serif;="" font-size:="" 16px;="" line-height:="" 24px;"="">27. mendapatkan segala kenikmatan yang tiada batasnya</p><p rgb(255,="" 255,="" 255);="" border:="" 0px;="" margin:="" 0px="" 24px;="" padding:="" vertical-align:="" baseline;="" color:="" rgb(51,="" 51,="" 51);="" font-family:="" georgia,="" ''bitstream="" charter'',="" serif;="" font-size:="" 16px;="" line-height:="" 24px;"="">Dari Ibnu `Umar, dari Nabi bersabda : “Tidak boleh seorang menginginkan apa yang dimiliki orang lain kecuali dalam dua hal; (Pertama) seorang yang diberi oleh Allah kepandaian tentang Al Qur`an maka dia mengimplementasikan (melaksanakan)nya sepanjang hari dan malam. Dan seorang yang diberi oleh Allah kekayaan harta maka dia infaqkan sepanjang hari dan malam.” Muttafaqun `Alaihi.</p><p rgb(255,="" 255,="" 255);="" border:="" 0px;="" margin:="" 0px="" 24px;="" padding:="" vertical-align:="" baseline;="" color:="" rgb(51,="" 51,="" 51);="" font-family:="" georgia,="" ''bitstream="" charter'',="" serif;="" font-size:="" 16px;="" line-height:="" 24px;"="">28. Sebagai ladang pahala</p><p rgb(255,="" 255,="" 255);="" border:="" 0px;="" margin:="" 0px="" 24px;="" padding:="" vertical-align:="" baseline;="" color:="" rgb(51,="" 51,="" 51);="" font-family:="" georgia,="" ''bitstream="" charter'',="" serif;="" font-size:="" 16px;="" line-height:="" 24px;"="">Dari Abdullah bin Mas`ud t berkata, Rasulullah e : “Barangsiapa yang membaca satu huruf dari Kitabullah (Al Qur`an) maka baginya satu kebaikan. Dan satu kebaikan akan dilipat gandakan dengan sepuluh kali lipat. Saya tidak mengatakan “Alif lam mim” itu satu huruf, tetapi “Alif” itu satu huruf, “Lam” itu satu huruf dan “Mim” itu satu huruf.” H.R. At Tirmidzi dan berkata : “Hadits hasan shahih”.</p><p rgb(255,="" 255,="" 255);="" border:="" 0px;="" margin:="" 0px="" 24px;="" padding:="" vertical-align:="" baseline;="" color:="" rgb(51,="" 51,="" 51);="" font-family:="" georgia,="" ''bitstream="" charter'',="" serif;="" font-size:="" 16px;="" line-height:="" 24px;"="">29. Untuk Kedua orang tuanya mendapatkan mahkota dan kenikmatan surga</p><p rgb(255,="" 255,="" 255);="" border:="" 0px;="" margin:="" 0px="" 24px;="" padding:="" vertical-align:="" baseline;="" color:="" rgb(51,="" 51,="" 51);="" font-family:="" georgia,="" ''bitstream="" charter'',="" serif;="" font-size:="" 16px;="" line-height:="" 24px;"="">Dari Muadz bin Anas t, bahwa Rasulullah e bersabda : “Barangsiapa yang membaca Al Qur`an dan mengamalkan apa yang terdapat di dalamnya, Allah akan mengenakan mahkota kepada kedua orangtuanya pada Hari Kiamat kelak. (Dimana) cahayanya lebih terang dari pada cahaya matahari di dunia. Maka kamu tidak akan menduga bahwa ganjaran itu disebabkan dengan amalan yang seperti ini. ” H.R. Abu Daud.</p><p rgb(255,="" 255,="" 255);="" border:="" 0px;="" margin:="" 0px="" 24px;="" padding:="" vertical-align:="" baseline;="" color:="" rgb(51,="" 51,="" 51);="" font-family:="" georgia,="" ''bitstream="" charter'',="" serif;="" font-size:="" 16px;="" line-height:="" 24px;"="">30. Mendapatkan kenikmatan Syurga dan di penuhinya segala apa yang diinginkan</p><p rgb(255,="" 255,="" 255);="" border:="" 0px;="" margin:="" 0px="" 24px;="" padding:="" vertical-align:="" baseline;="" color:="" rgb(51,="" 51,="" 51);="" font-family:="" georgia,="" ''bitstream="" charter'',="" serif;="" font-size:="" 16px;="" line-height:="" 24px;"="">Mungkin ketika di dunia hidup dalam serba keterbatasan dan kekurangan, karena rajin membaca serta mengamalkannya dalam kehidupan sehari-hari, menjadikannya sebagai pribadi yang tangguh, taat dan menjalankan perintah dan laranganNya. Niscaya akan mendapatkan kenikmatan luar biasa yang tidak pernah di dapat ketika di dunia.</p><p rgb(255,="" 255,="" 255);="" border:="" 0px;="" margin:="" 0px="" 24px;="" padding:="" vertical-align:="" baseline;="" color:="" rgb(51,="" 51,="" 51);="" font-family:="" georgia,="" ''bitstream="" charter'',="" serif;="" font-size:="" 16px;="" line-height:="" 24px;"=""><em transparent;="" border:="" 0px;="" margin:="" padding:="" vertical-align:="" baseline;"="">Masih banyak manfaat dan keutamaan lainnya dari membaca Al Quran</em>&nbsp;yang bila kita mengilhami dan terus mempelajarinya tak akan mampu menghitung berapa banyak manfaat dan anugerah serta nikmat yang telah diberikan-Nya.</p></div>', 'iCan___Kaito_Kid_by_Arciam4.jpg', 0, 0, '2013-08-15', '2013-08-15'),
(36, 52, NULL, 6, NULL, 'MOPD 2013', 'MOPD SMPIT Nurul Fajar kini usai dilaksanakan, peserta merasa ketakutan setelah di ospek oleh para senior', 'DSC02797.JPG', 0, 0, '2013-08-15', '2013-08-15'),
(37, 72, NULL, 2, 1, 'Testing', 'testing-testing&nbsp;testing-testing&nbsp;testing-testing', '0041.jpg', 1, 0, '2013-09-29', '2013-09-29'),
(38, 72, NULL, 2, 1, 'Lalalala', '/usr/sbin/httpd/usr/sbin/httpd/usr/sbin/httpd/usr/sbin/httpd/usr/sbin/httpd', '0031.jpg', 1, 0, '2013-09-29', '2013-09-29'),
(39, 72, NULL, 2, 1, 'Nothing', '<font face="Arial, Verdana" size="2">&nbsp;/usr/sbin/httpd /usr/sbin/httpd/usr</font><div><font face="Arial, Verdana" size="2">sbin/htt pd/usr/ sb n/htt pd/ usr/sbin/htt</font></div><div><font face="Arial, Verdana" size="2">pd/ usr/s</font></div><div><font face="Arial, Verdana" size="2">bin/http d/usr/s bin htt pd/u sr/sbin/http</font></div><div><font face="Arial, Verdana" size="2">d/usr&nbsp;</font></div><div><font face="Arial, Verdana" size="2">/sbin/httpd/usr/sbin/</font></div><div><font face="Arial, Verdana" size="2">httpd/ usr/sbin/h</font></div><div><font face="Arial, Verdana" size="2">ttpd/ usr/ sbin/h</font></div><div><font face="Arial, Verdana" size="2">ttp d/usr /sbin/httpd/ usr/s</font></div><div><font face="Arial, Verdana" size="2">bin/ http d/usr/sbi</font></div><div><font face="Arial, Verdana" size="2">n/ht tpd</font></div>', '51.jpeg', 1, 0, '2013-09-29', '2013-09-29'),
(50, 52, NULL, 2, 1, 'Nothing', '\n		$dataRecord[''id_tcontent''] = $this->input->post("id_tcontent");\n		$dataRecord[''id_tcontent''] = $this->input->post("id_tcontent");\n		$dataRecord[''id_tcontent''] = $this->input->post("id_tcontent");\n		$dataRecord[''id_tcontent''] = $this->input->post("id_tcontent");\n		$dataRecord[''id_tcontent''] = $this->input->post("id_tcontent");\n		$dataRecord[''id_tcontent''] = $this->input->post("id_tcontent");\n		$dataRecord[''id_tcontent''] = $this->input->post("id_tcontent");', '911.jpeg', 1, 0, '2013-10-02', '2013-10-02'),
(53, 52, NULL, 2, 1, 'Lalalala212', '		$dataRecord[''id_tcontent''] = $this->input->post("id_tcontent");\n		\n		$dataRecord[''id_tcontent''] = $this->input->post("id_tcontent");\n		$dataRecord[''id_tcontent''] = $this->input->post("id_tcontent");$dataRecord[''id_tcontent''] = $this->input->post("id_tcontent");', '519.jpeg', 0, 0, '2013-10-02', '2013-10-02'),
(54, 72, NULL, 10, 102, 'Write Email', 'http://www.futureleaf.co.id/', NULL, 1, 0, '2013-10-02', '2013-10-02'),
(55, 72, NULL, 10, 103, 'Facebook', 'http://www.futureleaf.co.id/', NULL, 1, 0, '2013-10-02', '2013-10-02'),
(56, 72, NULL, 10, 104, 'Twitter', 'http://www.futureleaf.co.id/', NULL, 1, 0, '2013-10-02', '2013-10-02'),
(57, 72, NULL, 10, 105, 'Google+', 'http://www.futureleaf.co.id/', NULL, 1, 0, '2013-10-02', '2013-10-02'),
(58, 72, NULL, 10, 106, 'Linkedin', 'http://www.futureleaf.co.id/', NULL, 1, 0, '2013-10-02', '2013-10-02'),
(59, 72, NULL, 10, 107, 'YouTube', 'http://www.futureleaf.co.id/', NULL, 1, 0, '2013-10-02', '2013-10-02'),
(60, 72, NULL, 10, 108, 'Vimeo', 'http://www.futureleaf.co.id/', NULL, 1, 0, '2013-10-02', '2013-10-02');

-- --------------------------------------------------------

--
-- Table structure for table `division`
--

CREATE TABLE IF NOT EXISTS `division` (
  `id_division` int(10) NOT NULL AUTO_INCREMENT,
  `id_ruser` int(10) NOT NULL,
  `name_division` varchar(100) NOT NULL,
  PRIMARY KEY (`id_division`),
  UNIQUE KEY `id_ruser` (`id_ruser`)
) ENGINE=InnoDB  DEFAULT CHARSET=latin1 AUTO_INCREMENT=5 ;

--
-- Dumping data for table `division`
--

INSERT INTO `division` (`id_division`, `id_ruser`, `name_division`) VALUES
(1, 1, 'Perbaharui Kepala Sekolah'),
(2, 2, 'Perbaharui Guru'),
(3, 3, 'Perbaharui Murid'),
(4, 4, 'Perhabarui Tugas');

-- --------------------------------------------------------

--
-- Table structure for table `education`
--

CREATE TABLE IF NOT EXISTS `education` (
  `id_edu` int(10) NOT NULL AUTO_INCREMENT,
  `mode_edu` tinyint(2) NOT NULL,
  `name_edu` varchar(100) NOT NULL,
  `kkm` int(10) NOT NULL,
  `desc_edu` text NOT NULL,
  PRIMARY KEY (`id_edu`)
) ENGINE=InnoDB  DEFAULT CHARSET=latin1 AUTO_INCREMENT=15 ;

--
-- Dumping data for table `education`
--

INSERT INTO `education` (`id_edu`, `mode_edu`, `name_edu`, `kkm`, `desc_edu`) VALUES
(1, 51, 'Bahasa Arab', 100, 'nothing'),
(14, 48, 'Matematika', 75, '');

-- --------------------------------------------------------

--
-- Table structure for table `grade`
--

CREATE TABLE IF NOT EXISTS `grade` (
  `id_grade` int(10) NOT NULL AUTO_INCREMENT,
  `id_edu` int(10) NOT NULL,
  `mode_grade` int(10) NOT NULL,
  `name_grade` varchar(50) NOT NULL,
  `grade` int(10) DEFAULT NULL,
  `desc_grade` text NOT NULL,
  `id_user` int(10) NOT NULL,
  `id_semester` int(10) NOT NULL,
  PRIMARY KEY (`id_grade`)
) ENGINE=MyISAM  DEFAULT CHARSET=latin1 AUTO_INCREMENT=14 ;

--
-- Dumping data for table `grade`
--

INSERT INTO `grade` (`id_grade`, `id_edu`, `mode_grade`, `name_grade`, `grade`, `desc_grade`, `id_user`, `id_semester`) VALUES
(1, 1, 1, 'Dasar Pelafalan', 100, 'belajar yang lebih rajin ya !!!', 52, 2),
(2, 2, 6, 'Fungsi Trigonometri', 100, 'bad boy', 52, 1),
(5, 1, 7, 'Testing122', 100, '', 52, 1),
(8, 2, 0, 'Segitiga Sembarang', 0, '', 52, 3),
(9, 2, 0, 'Luas Bangun Datar', 0, '', 52, 3),
(10, 2, 0, 'Luas Bangun Datar', 0, '', 55, 3),
(12, 2, 0, 'Testing', 0, '', 52, 2),
(13, 2, 0, 'Testing', 0, '', 55, 2);

-- --------------------------------------------------------

--
-- Table structure for table `medu`
--

CREATE TABLE IF NOT EXISTS `medu` (
  `id_edu` int(10) NOT NULL AUTO_INCREMENT,
  `id_user` int(10) NOT NULL,
  PRIMARY KEY (`id_edu`),
  UNIQUE KEY `id_user` (`id_user`)
) ENGINE=InnoDB  DEFAULT CHARSET=latin1 AUTO_INCREMENT=3 ;

--
-- Dumping data for table `medu`
--

INSERT INTO `medu` (`id_edu`, `id_user`) VALUES
(1, 1),
(2, 2);

-- --------------------------------------------------------

--
-- Table structure for table `picture`
--

CREATE TABLE IF NOT EXISTS `picture` (
  `id_picture` int(10) NOT NULL AUTO_INCREMENT,
  `main_picture` int(10) DEFAULT NULL,
  `id_user` int(10) DEFAULT NULL,
  `id_content` int(10) DEFAULT NULL,
  `is_apicture` tinyint(1) DEFAULT NULL,
  `name_picture` varchar(200) NOT NULL,
  PRIMARY KEY (`id_picture`)
) ENGINE=InnoDB  DEFAULT CHARSET=latin1 AUTO_INCREMENT=11 ;

--
-- Dumping data for table `picture`
--

INSERT INTO `picture` (`id_picture`, `main_picture`, `id_user`, `id_content`, `is_apicture`, `name_picture`) VALUES
(1, 1, 1, 1, NULL, 'testing.jpg'),
(2, 1, 2, 2, NULL, 'images.jpeg'),
(3, 0, 0, 17, NULL, 'Screenshot_from_2013-06-08_15_18_492.png'),
(6, NULL, NULL, 0, 1, 'e205e3a553897dfbd7aa345dbbefafd1be91.jpg'),
(7, NULL, NULL, 21, NULL, 'ce31de637f3b1ee8ff3927298f61d00abe91.jpg'),
(8, NULL, NULL, 0, 1, 'a1017af8048dc827172b47a3d9b990f7be91.png'),
(9, NULL, NULL, 0, 1, '2463.jpg'),
(10, NULL, NULL, 17, NULL, '2575.jpg');

-- --------------------------------------------------------

--
-- Table structure for table `rcomment`
--

CREATE TABLE IF NOT EXISTS `rcomment` (
  `id_rcomment` int(10) NOT NULL AUTO_INCREMENT,
  `name_rcomment` varchar(50) NOT NULL,
  PRIMARY KEY (`id_rcomment`)
) ENGINE=MyISAM  DEFAULT CHARSET=latin1 AUTO_INCREMENT=14 ;

--
-- Dumping data for table `rcomment`
--

INSERT INTO `rcomment` (`id_rcomment`, `name_rcomment`) VALUES
(1, 'Testimoni'),
(2, 'Kontak Kami'),
(3, 'Kontak Responder'),
(4, 'Berita Sekolah'),
(5, 'Pengumuman'),
(6, 'Gallery'),
(7, 'Pengumuman'),
(8, 'Artikel'),
(9, 'Prestasi'),
(10, 'Fasilitas'),
(11, 'Kegiatan'),
(12, 'Kata Mutiara'),
(13, 'Sporter');

-- --------------------------------------------------------

--
-- Table structure for table `rcontent`
--

CREATE TABLE IF NOT EXISTS `rcontent` (
  `id_rcontent` int(10) NOT NULL AUTO_INCREMENT,
  `name_rcontent` varchar(50) NOT NULL,
  PRIMARY KEY (`id_rcontent`)
) ENGINE=InnoDB  DEFAULT CHARSET=latin1 AUTO_INCREMENT=12 ;

--
-- Dumping data for table `rcontent`
--

INSERT INTO `rcontent` (`id_rcontent`, `name_rcontent`) VALUES
(1, 'Berita Sekolah'),
(2, 'Artikel'),
(3, 'Prestasi'),
(4, 'Fasilitas'),
(5, 'Pengumuman'),
(6, 'Kegiatan'),
(7, 'Sejarah'),
(8, 'Visi-Misi'),
(9, 'Gallery'),
(10, 'link'),
(11, 'support');

-- --------------------------------------------------------

--
-- Table structure for table `redu`
--

CREATE TABLE IF NOT EXISTS `redu` (
  `id_edu` int(10) NOT NULL,
  `id_user` int(10) NOT NULL
) ENGINE=MyISAM DEFAULT CHARSET=latin1;

--
-- Dumping data for table `redu`
--

INSERT INTO `redu` (`id_edu`, `id_user`) VALUES
(14, 66);

-- --------------------------------------------------------

--
-- Table structure for table `review`
--

CREATE TABLE IF NOT EXISTS `review` (
  `id_review` int(10) NOT NULL AUTO_INCREMENT,
  `cd_review` timestamp NOT NULL DEFAULT CURRENT_TIMESTAMP ON UPDATE CURRENT_TIMESTAMP,
  `id_rreview` int(10) NOT NULL,
  PRIMARY KEY (`id_review`)
) ENGINE=MyISAM  DEFAULT CHARSET=latin1 AUTO_INCREMENT=11870 ;

--
-- Dumping data for table `review`
--

INSERT INTO `review` (`id_review`, `cd_review`, `id_rreview`) VALUES
(11164, '2013-10-02 13:53:29', 2),
(11163, '2013-10-02 13:53:29', 2),
(11162, '2013-10-02 13:53:29', 1),
(11161, '2013-10-02 13:53:09', 2),
(11160, '2013-10-02 13:53:09', 2),
(11159, '2013-10-02 13:53:08', 2),
(11158, '2013-10-02 13:53:08', 2),
(11157, '2013-10-02 13:53:07', 2),
(11156, '2013-10-02 13:53:07', 2),
(11155, '2013-10-02 13:52:58', 2),
(11154, '2013-10-02 13:52:58', 2),
(11153, '2013-10-02 13:52:32', 2),
(11152, '2013-10-02 13:52:32', 2),
(11151, '2013-10-02 13:52:31', 2),
(11150, '2013-10-02 13:52:31', 2),
(11149, '2013-10-02 13:52:30', 2),
(11148, '2013-10-02 13:52:30', 2),
(11147, '2013-10-02 13:52:29', 2),
(11146, '2013-10-02 13:52:29', 2),
(11145, '2013-10-02 13:52:17', 2),
(11144, '2013-10-02 13:52:17', 2),
(11143, '2013-10-02 13:52:17', 2),
(11142, '2013-10-02 13:52:17', 2),
(11141, '2013-10-02 13:52:16', 2),
(11140, '2013-10-02 13:52:07', 2),
(11139, '2013-10-02 13:52:07', 2),
(11138, '2013-10-02 13:52:07', 2),
(11137, '2013-10-02 13:52:06', 2),
(11136, '2013-10-02 13:52:06', 2),
(11135, '2013-10-02 13:52:05', 2),
(11134, '2013-10-02 13:52:05', 2),
(11133, '2013-10-02 13:52:05', 2),
(11132, '2013-10-02 13:52:05', 2),
(11131, '2013-10-02 13:52:01', 2),
(11130, '2013-10-02 13:51:58', 2),
(11129, '2013-10-02 13:51:58', 2),
(11128, '2013-10-02 13:51:58', 2),
(11127, '2013-10-02 13:51:58', 2),
(11126, '2013-10-02 13:42:37', 2),
(11125, '2013-10-02 13:42:37', 2),
(11124, '2013-10-02 13:42:36', 2),
(11123, '2013-10-02 13:42:36', 2),
(11122, '2013-10-02 13:42:32', 2),
(11121, '2013-10-02 13:42:32', 2),
(11120, '2013-10-02 13:42:18', 2),
(11119, '2013-10-02 13:42:18', 2),
(11118, '2013-10-02 13:40:45', 2),
(11117, '2013-10-02 13:40:45', 2),
(11116, '2013-10-02 13:40:43', 2),
(11115, '2013-10-02 13:40:43', 2),
(11114, '2013-10-02 13:40:29', 2),
(11113, '2013-10-02 13:40:29', 2),
(11112, '2013-10-02 13:40:29', 2),
(11111, '2013-10-02 13:40:28', 2),
(11110, '2013-10-02 13:40:28', 2),
(11109, '2013-10-02 13:40:08', 2),
(11108, '2013-10-02 13:40:08', 2),
(11107, '2013-10-02 13:39:58', 2),
(11106, '2013-10-02 13:39:58', 2),
(11105, '2013-10-02 13:38:56', 2),
(11104, '2013-10-02 13:38:56', 2),
(11103, '2013-10-02 13:38:45', 2),
(11102, '2013-10-02 13:38:45', 2),
(11101, '2013-10-02 13:38:37', 2),
(11100, '2013-10-02 13:38:37', 2),
(11099, '2013-10-02 13:38:31', 2),
(11098, '2013-10-02 13:38:31', 2),
(11097, '2013-10-02 13:38:28', 2),
(11096, '2013-10-02 13:38:28', 2),
(11095, '2013-10-02 13:38:24', 2),
(11094, '2013-10-02 13:38:24', 2),
(11093, '2013-10-02 13:38:19', 2),
(11092, '2013-10-02 13:38:19', 2),
(11091, '2013-10-02 13:38:09', 2),
(11090, '2013-10-02 13:38:09', 2),
(11089, '2013-10-02 13:38:03', 2),
(11088, '2013-10-02 13:38:03', 2),
(11087, '2013-10-02 13:37:40', 2),
(11086, '2013-10-02 13:37:40', 2),
(11085, '2013-10-02 13:37:23', 2),
(11084, '2013-10-02 13:37:23', 2),
(11083, '2013-10-02 13:37:17', 2),
(11082, '2013-10-02 13:37:17', 2),
(11081, '2013-10-02 13:36:03', 2),
(11080, '2013-10-02 13:36:03', 2),
(11079, '2013-10-02 13:35:50', 2),
(11078, '2013-10-02 13:35:50', 2),
(11077, '2013-10-02 13:35:49', 2),
(11076, '2013-10-02 13:35:49', 2),
(11075, '2013-10-02 13:35:49', 2),
(11074, '2013-10-02 13:35:48', 2),
(11073, '2013-10-02 13:35:48', 2),
(11072, '2013-10-02 13:35:48', 2),
(11071, '2013-10-02 13:35:48', 2),
(11070, '2013-10-02 13:35:47', 2),
(11069, '2013-10-02 13:35:47', 2),
(11068, '2013-10-02 13:35:47', 2),
(11067, '2013-10-02 13:35:47', 2),
(11066, '2013-10-02 13:35:29', 2),
(11065, '2013-10-02 13:35:27', 2),
(11064, '2013-10-02 13:35:27', 2),
(11063, '2013-10-02 13:35:19', 2),
(11062, '2013-10-02 13:35:19', 2),
(11061, '2013-10-02 13:35:19', 2),
(11060, '2013-10-02 13:35:18', 2),
(11059, '2013-10-02 13:35:18', 2),
(11058, '2013-10-02 13:35:17', 2),
(11057, '2013-10-02 13:35:17', 2),
(11056, '2013-10-02 13:35:17', 2),
(11055, '2013-10-02 13:35:15', 2),
(11054, '2013-10-02 13:35:15', 2),
(11053, '2013-10-02 13:35:15', 2),
(11052, '2013-10-02 13:35:14', 2),
(11051, '2013-10-02 13:35:14', 2),
(11050, '2013-10-02 13:35:14', 2),
(11049, '2013-10-02 13:35:13', 2),
(11048, '2013-10-02 13:35:13', 2),
(11047, '2013-10-02 13:35:12', 2),
(11046, '2013-10-02 13:35:12', 2),
(11045, '2013-10-02 13:35:12', 2),
(11044, '2013-10-02 13:35:12', 2),
(11043, '2013-10-02 13:35:05', 2),
(11042, '2013-10-02 13:35:05', 2),
(11041, '2013-10-02 13:35:05', 2),
(11040, '2013-10-02 13:35:04', 2),
(11039, '2013-10-02 13:34:57', 2),
(11038, '2013-10-02 13:34:57', 2),
(11037, '2013-10-02 13:34:57', 2),
(11036, '2013-10-02 13:34:57', 2),
(11035, '2013-10-02 13:34:56', 2),
(11034, '2013-10-02 13:34:56', 2),
(11033, '2013-10-02 13:34:55', 2),
(11032, '2013-10-02 13:34:55', 2),
(11031, '2013-10-02 13:34:54', 2),
(11030, '2013-10-02 13:34:54', 2),
(11029, '2013-10-02 13:34:53', 2),
(11028, '2013-10-02 13:34:53', 2),
(11027, '2013-10-02 13:34:52', 2),
(11026, '2013-10-02 13:34:52', 2),
(11025, '2013-10-02 13:34:51', 2),
(11024, '2013-10-02 13:34:51', 2),
(11023, '2013-10-02 13:33:52', 2),
(11022, '2013-10-02 13:33:52', 2),
(11021, '2013-10-02 13:33:51', 2),
(11020, '2013-10-02 13:32:41', 2),
(11019, '2013-10-02 13:32:36', 2),
(11018, '2013-10-02 13:32:36', 2),
(11017, '2013-10-02 13:32:34', 2),
(11016, '2013-10-02 06:16:37', 2),
(11015, '2013-10-02 06:16:37', 2),
(11014, '2013-10-02 06:16:35', 2),
(11013, '2013-10-02 06:16:35', 2),
(11012, '2013-10-02 06:16:34', 2),
(11011, '2013-10-02 06:16:33', 2),
(11010, '2013-10-02 06:16:31', 2),
(11009, '2013-10-02 06:16:31', 2),
(11008, '2013-10-02 06:16:23', 2),
(11007, '2013-10-02 06:16:23', 2),
(11006, '2013-10-02 06:16:23', 2),
(11005, '2013-10-02 06:16:23', 2),
(11004, '2013-10-02 06:16:16', 2),
(11003, '2013-10-02 06:16:16', 2),
(11002, '2013-10-02 06:16:16', 2),
(11001, '2013-10-02 06:16:16', 2),
(11000, '2013-10-02 06:16:15', 2),
(10999, '2013-10-02 06:16:07', 2),
(10998, '2013-10-02 06:16:07', 2),
(10997, '2013-10-02 06:16:06', 2),
(10996, '2013-10-02 06:16:06', 2),
(10995, '2013-10-02 06:15:18', 2),
(10994, '2013-10-02 06:15:18', 2),
(10993, '2013-10-02 06:15:17', 2),
(10992, '2013-10-02 06:14:08', 2),
(10991, '2013-10-02 06:14:08', 2),
(10990, '2013-10-02 06:14:08', 2),
(10989, '2013-10-02 06:14:07', 2),
(10988, '2013-10-02 06:14:07', 2),
(10987, '2013-10-02 06:14:07', 2),
(10986, '2013-10-02 06:14:06', 2),
(10985, '2013-10-02 06:14:05', 2),
(10984, '2013-10-02 06:14:05', 2),
(10983, '2013-10-02 06:14:05', 2),
(10982, '2013-10-02 06:14:05', 2),
(10981, '2013-10-02 06:14:05', 2),
(10980, '2013-10-02 06:14:04', 2),
(10979, '2013-10-02 06:14:04', 2),
(10978, '2013-10-02 06:14:04', 2),
(10977, '2013-10-02 06:14:04', 2),
(10976, '2013-10-02 06:14:03', 2),
(10975, '2013-10-02 06:14:03', 2),
(10974, '2013-10-02 06:14:03', 2),
(10973, '2013-10-02 06:14:02', 2),
(10972, '2013-10-02 06:14:02', 2),
(10971, '2013-10-02 06:14:02', 2),
(10970, '2013-10-02 06:14:02', 2),
(10969, '2013-10-02 06:12:26', 2),
(10968, '2013-10-02 06:12:26', 2),
(10967, '2013-10-02 06:12:26', 2),
(10966, '2013-10-02 06:12:26', 2),
(10965, '2013-10-02 06:12:24', 2),
(10964, '2013-10-02 06:12:24', 2),
(10963, '2013-10-02 06:12:24', 2),
(10962, '2013-10-02 06:12:24', 2),
(10961, '2013-10-02 06:12:23', 2),
(10960, '2013-10-02 06:12:23', 2),
(10959, '2013-10-02 06:12:22', 2),
(10958, '2013-10-02 06:12:22', 2),
(10957, '2013-10-02 06:12:20', 2),
(10956, '2013-10-02 06:12:20', 2),
(10955, '2013-10-02 06:12:20', 2),
(10954, '2013-10-02 06:12:19', 2),
(10953, '2013-10-02 06:12:18', 2),
(10952, '2013-10-02 06:12:18', 2),
(10951, '2013-10-02 06:12:18', 2),
(10950, '2013-10-02 06:12:18', 2),
(10949, '2013-10-02 06:12:11', 2),
(10948, '2013-10-02 06:12:11', 2),
(10947, '2013-10-02 06:12:11', 2),
(10946, '2013-10-02 06:12:10', 2),
(10945, '2013-10-02 06:12:09', 2),
(10944, '2013-10-02 06:12:09', 2),
(10943, '2013-10-02 06:12:09', 2),
(10942, '2013-10-02 06:12:09', 2),
(10941, '2013-10-02 06:12:08', 2),
(10940, '2013-10-02 06:12:08', 2),
(10939, '2013-10-02 06:12:07', 2),
(10938, '2013-10-02 06:12:07', 2),
(10937, '2013-10-02 06:12:05', 2),
(10936, '2013-10-02 06:12:05', 2),
(10935, '2013-10-02 06:12:05', 2),
(10934, '2013-10-02 06:12:05', 2),
(10933, '2013-10-02 06:12:03', 2),
(10932, '2013-10-02 06:11:55', 2),
(10931, '2013-10-02 06:11:54', 2),
(10930, '2013-10-02 06:11:52', 2),
(10929, '2013-10-02 06:11:52', 2),
(10928, '2013-10-02 06:11:51', 2),
(10927, '2013-10-02 06:11:51', 2),
(10926, '2013-10-02 06:11:51', 2),
(10925, '2013-10-02 06:11:50', 2),
(10924, '2013-10-02 06:11:50', 2),
(10923, '2013-10-02 06:11:47', 2),
(10922, '2013-10-02 06:11:45', 2),
(10921, '2013-10-02 06:11:43', 2),
(10920, '2013-10-02 06:11:39', 2),
(10919, '2013-10-02 06:11:24', 2),
(10918, '2013-10-02 06:11:24', 2),
(10917, '2013-10-02 06:11:21', 2),
(10916, '2013-10-02 06:11:20', 2),
(10915, '2013-10-02 06:11:10', 2),
(10914, '2013-10-02 06:08:26', 2),
(10913, '2013-10-02 06:08:26', 2),
(10912, '2013-10-02 06:08:26', 2),
(10911, '2013-10-02 06:08:26', 2),
(10910, '2013-10-02 06:08:20', 2),
(10909, '2013-10-02 06:08:20', 2),
(10908, '2013-10-02 06:08:20', 2),
(10907, '2013-10-02 06:08:20', 2),
(10906, '2013-10-02 06:08:18', 2),
(10905, '2013-10-02 06:08:15', 2),
(10904, '2013-10-02 06:08:14', 2),
(10903, '2013-10-02 06:08:14', 2),
(10902, '2013-10-02 06:08:14', 2),
(10901, '2013-10-02 06:08:13', 2),
(10900, '2013-10-02 06:07:52', 2),
(10899, '2013-10-02 06:07:52', 2),
(10898, '2013-10-02 06:07:52', 2),
(10897, '2013-10-02 06:07:51', 2),
(10896, '2013-10-02 06:07:42', 2),
(10895, '2013-10-02 06:07:42', 2),
(10894, '2013-10-02 06:07:42', 2),
(10893, '2013-10-02 06:07:42', 2),
(10892, '2013-10-02 06:07:39', 2),
(10891, '2013-10-02 06:07:37', 2),
(10890, '2013-10-02 06:07:37', 2),
(10889, '2013-10-02 06:07:37', 2),
(10888, '2013-10-02 06:07:37', 2),
(10887, '2013-10-02 06:07:35', 2),
(10886, '2013-10-02 06:07:35', 2),
(10885, '2013-10-02 06:07:35', 2),
(10884, '2013-10-02 06:07:35', 2),
(10883, '2013-10-02 06:07:12', 2),
(10882, '2013-10-02 06:07:12', 2),
(10881, '2013-10-02 06:07:12', 2),
(10880, '2013-10-02 06:07:11', 2),
(10879, '2013-10-02 06:07:08', 2),
(10878, '2013-10-02 06:07:08', 2),
(10877, '2013-10-02 06:07:08', 2),
(10876, '2013-10-02 06:07:07', 2),
(10875, '2013-10-02 06:06:45', 2),
(10874, '2013-10-02 06:06:45', 2),
(10873, '2013-10-02 06:06:45', 2),
(10872, '2013-10-02 06:06:45', 2),
(10871, '2013-10-02 06:06:45', 2),
(10870, '2013-10-02 06:06:39', 2),
(10869, '2013-10-02 06:06:39', 2),
(10868, '2013-10-02 06:06:39', 2),
(10867, '2013-10-02 06:06:39', 2),
(10866, '2013-10-02 06:06:35', 2),
(10865, '2013-10-02 06:06:34', 2),
(10864, '2013-10-02 06:06:34', 2),
(10863, '2013-10-02 06:06:34', 2),
(10862, '2013-10-02 06:06:26', 2),
(10861, '2013-10-02 06:06:26', 2),
(10860, '2013-10-02 06:06:25', 2),
(10859, '2013-10-02 06:06:25', 2),
(10858, '2013-10-02 06:06:25', 2),
(10857, '2013-10-02 06:06:22', 2),
(10856, '2013-10-02 06:06:22', 2),
(10855, '2013-10-02 06:06:22', 2),
(10854, '2013-10-02 06:06:21', 2),
(10853, '2013-10-02 06:06:17', 2),
(10852, '2013-10-02 06:06:17', 2),
(10851, '2013-10-02 06:06:17', 2),
(10850, '2013-10-02 06:06:16', 2),
(10849, '2013-10-02 06:06:14', 2),
(10848, '2013-10-02 06:06:13', 2),
(10847, '2013-10-02 06:06:13', 2),
(10846, '2013-10-02 06:06:13', 2),
(10845, '2013-10-02 06:06:09', 2),
(10844, '2013-10-02 06:06:09', 2),
(10843, '2013-10-02 06:06:09', 2),
(10842, '2013-10-02 06:06:09', 2),
(10841, '2013-10-02 06:06:06', 2),
(10840, '2013-10-02 06:06:06', 2),
(10839, '2013-10-02 06:06:06', 2),
(10838, '2013-10-02 06:06:05', 2),
(10837, '2013-10-02 06:06:01', 2),
(10836, '2013-10-02 06:06:01', 2),
(10835, '2013-10-02 06:06:00', 2),
(10834, '2013-10-02 06:06:00', 2),
(10833, '2013-10-02 06:05:58', 2),
(10832, '2013-10-02 06:05:58', 2),
(10831, '2013-10-02 06:05:58', 2),
(10830, '2013-10-02 06:05:58', 2),
(10829, '2013-10-02 06:05:54', 2),
(10828, '2013-10-02 06:05:53', 2),
(10827, '2013-10-02 06:05:53', 2),
(10826, '2013-10-02 06:05:47', 2),
(10825, '2013-10-02 06:05:47', 2),
(10824, '2013-10-02 06:05:47', 2),
(10823, '2013-10-02 06:05:47', 2),
(10822, '2013-10-02 06:05:45', 2),
(10821, '2013-10-02 06:05:45', 2),
(10820, '2013-10-02 06:05:45', 2),
(10819, '2013-10-02 06:05:45', 2),
(10818, '2013-10-02 06:05:43', 2),
(10817, '2013-10-02 06:05:40', 2),
(10816, '2013-10-02 06:05:40', 2),
(10815, '2013-10-02 06:05:40', 2),
(10814, '2013-10-02 06:05:39', 2),
(10813, '2013-10-02 06:05:39', 2),
(10812, '2013-10-02 06:05:38', 2),
(10811, '2013-10-02 06:05:38', 2),
(10810, '2013-10-02 06:05:38', 2),
(10809, '2013-10-02 06:05:38', 2),
(10808, '2013-10-02 06:05:37', 2),
(10807, '2013-10-02 06:05:37', 2),
(10806, '2013-10-02 06:05:37', 2),
(10805, '2013-10-02 06:05:34', 2),
(10804, '2013-10-02 06:05:34', 2),
(10803, '2013-10-02 06:05:34', 2),
(10802, '2013-10-02 06:05:33', 2),
(10801, '2013-10-02 06:05:32', 2),
(10800, '2013-10-02 06:05:32', 2),
(10799, '2013-10-02 06:05:32', 2),
(10798, '2013-10-02 06:05:32', 2),
(10797, '2013-10-02 06:05:31', 2),
(10796, '2013-10-02 06:05:31', 2),
(10795, '2013-10-02 06:05:31', 2),
(10794, '2013-10-02 06:05:30', 2),
(10793, '2013-10-02 06:05:29', 2),
(10792, '2013-10-02 06:05:29', 2),
(10791, '2013-10-02 06:05:29', 2),
(10790, '2013-10-02 06:05:29', 2),
(10789, '2013-10-02 06:05:28', 2),
(10788, '2013-10-02 06:05:27', 2),
(10787, '2013-10-02 06:05:27', 2),
(10786, '2013-10-02 06:05:27', 2),
(10785, '2013-10-02 06:05:26', 2),
(10784, '2013-10-02 06:05:26', 2),
(10783, '2013-10-02 06:05:26', 2),
(10782, '2013-10-02 06:05:25', 2),
(10781, '2013-10-02 06:05:25', 2),
(10780, '2013-10-02 06:05:25', 2),
(10779, '2013-10-02 06:05:24', 2),
(10778, '2013-10-02 06:05:24', 2),
(10777, '2013-10-02 06:05:22', 2),
(10776, '2013-10-02 06:05:22', 2),
(10775, '2013-10-02 06:05:22', 2),
(10774, '2013-10-02 06:05:14', 2),
(10773, '2013-10-02 06:05:14', 2),
(10772, '2013-10-02 06:05:14', 2),
(10771, '2013-10-02 06:05:14', 2),
(10770, '2013-10-02 06:05:09', 2),
(10769, '2013-10-02 06:05:09', 2),
(10768, '2013-10-02 06:05:08', 2),
(10767, '2013-10-02 06:05:08', 2),
(10766, '2013-10-02 06:05:08', 2),
(10765, '2013-10-02 06:04:07', 2),
(10764, '2013-10-02 06:04:07', 2),
(10763, '2013-10-02 06:04:06', 2),
(10762, '2013-10-02 06:04:01', 2),
(10761, '2013-10-02 06:03:59', 2),
(10760, '2013-10-02 06:03:58', 2),
(10759, '2013-10-02 06:03:58', 2),
(10758, '2013-10-02 06:03:58', 2),
(10757, '2013-10-02 06:03:57', 2),
(10756, '2013-10-02 06:03:57', 2),
(10755, '2013-10-02 06:03:57', 2),
(10754, '2013-10-02 06:03:57', 2),
(10753, '2013-10-02 06:03:32', 2),
(10752, '2013-10-02 06:03:31', 2),
(10751, '2013-10-02 06:03:31', 2),
(10750, '2013-10-02 06:03:31', 2),
(10749, '2013-10-02 06:03:31', 2),
(10748, '2013-10-02 06:03:29', 2),
(10747, '2013-10-02 06:03:29', 2),
(10746, '2013-10-02 06:03:29', 2),
(10745, '2013-10-02 06:03:29', 2),
(10744, '2013-10-02 06:02:51', 2),
(10743, '2013-10-02 06:02:49', 2),
(10742, '2013-10-02 06:02:49', 2),
(10741, '2013-10-02 06:02:49', 2),
(10740, '2013-10-02 06:02:48', 2),
(10739, '2013-10-02 06:02:46', 2),
(10738, '2013-10-02 06:02:45', 1),
(10737, '2013-10-02 06:02:45', 2),
(10736, '2013-10-02 06:02:40', 2),
(10735, '2013-10-02 06:02:39', 2),
(10734, '2013-10-02 06:02:39', 2),
(10733, '2013-10-02 06:02:39', 2),
(10732, '2013-10-02 06:01:41', 2),
(10731, '2013-10-02 06:01:41', 2),
(10730, '2013-10-02 06:01:41', 2),
(10729, '2013-10-02 06:01:40', 2),
(10728, '2013-10-02 06:01:25', 2),
(10727, '2013-10-02 06:01:25', 2),
(10726, '2013-10-02 06:01:25', 2),
(10725, '2013-10-02 06:01:24', 2),
(10724, '2013-10-02 06:01:21', 2),
(10723, '2013-10-02 06:01:20', 2),
(10722, '2013-10-02 06:01:20', 2),
(10721, '2013-10-02 06:01:20', 2),
(10720, '2013-10-02 06:01:20', 2),
(10719, '2013-10-02 06:01:15', 2),
(10718, '2013-10-02 06:01:15', 2),
(10717, '2013-10-02 06:01:14', 2),
(10716, '2013-10-02 06:01:14', 2),
(10715, '2013-10-02 06:00:37', 2),
(10714, '2013-10-02 06:00:37', 2),
(10713, '2013-10-02 06:00:37', 2),
(10712, '2013-10-02 06:00:36', 2),
(10711, '2013-10-02 06:00:36', 2),
(10710, '2013-10-02 06:00:36', 2),
(10709, '2013-10-02 06:00:36', 2),
(10708, '2013-10-02 06:00:35', 2),
(10707, '2013-10-02 06:00:29', 2),
(10706, '2013-10-02 06:00:29', 2),
(10705, '2013-10-02 06:00:29', 2),
(10704, '2013-10-02 06:00:28', 2),
(10703, '2013-10-02 06:00:28', 2),
(10702, '2013-10-02 06:00:21', 2),
(10701, '2013-10-02 06:00:21', 2),
(10700, '2013-10-02 06:00:21', 2),
(10699, '2013-10-02 06:00:21', 2),
(10698, '2013-10-02 06:00:14', 2),
(10697, '2013-10-02 06:00:13', 2),
(10696, '2013-10-02 06:00:13', 2),
(10695, '2013-10-02 06:00:13', 2),
(10694, '2013-10-02 06:00:05', 2),
(10693, '2013-10-02 06:00:04', 2),
(10692, '2013-10-02 06:00:04', 2),
(10691, '2013-10-02 06:00:04', 2),
(10690, '2013-10-02 05:59:58', 2),
(10689, '2013-10-02 05:59:57', 2),
(10688, '2013-10-02 05:59:57', 2),
(10687, '2013-10-02 05:59:57', 2),
(10686, '2013-10-02 05:59:57', 2),
(10685, '2013-10-02 05:59:54', 2),
(10684, '2013-10-02 05:59:54', 2),
(10683, '2013-10-02 05:59:54', 2),
(10682, '2013-10-02 05:59:54', 2),
(10681, '2013-10-02 05:59:52', 2),
(10680, '2013-10-02 05:59:52', 2),
(10679, '2013-10-02 05:59:52', 2),
(10678, '2013-10-02 05:59:52', 2),
(10677, '2013-10-02 05:59:51', 2),
(10676, '2013-10-02 05:59:47', 2),
(10675, '2013-10-02 05:59:47', 2),
(10674, '2013-10-02 05:59:47', 2),
(10673, '2013-10-02 05:59:46', 2),
(10672, '2013-10-02 05:59:30', 2),
(10671, '2013-10-02 05:59:30', 2),
(10670, '2013-10-02 05:59:30', 2),
(10669, '2013-10-02 05:59:30', 2),
(10668, '2013-10-02 05:59:29', 2),
(10667, '2013-10-02 05:59:27', 2),
(10666, '2013-10-02 05:54:15', 2),
(10665, '2013-10-02 05:54:12', 2),
(10664, '2013-10-02 05:54:12', 2),
(10663, '2013-10-02 05:54:12', 2),
(10662, '2013-10-02 05:54:11', 2),
(10661, '2013-10-02 05:52:17', 2),
(10660, '2013-10-02 05:52:16', 2),
(10659, '2013-10-02 05:52:16', 2),
(10658, '2013-10-02 05:52:15', 2),
(10657, '2013-10-02 05:52:15', 2),
(10656, '2013-10-02 05:50:48', 2),
(10655, '2013-10-02 05:50:48', 2),
(10654, '2013-10-02 05:50:48', 2),
(10653, '2013-10-02 05:50:48', 2),
(10652, '2013-10-02 05:50:35', 2),
(10651, '2013-10-02 05:50:35', 2),
(10650, '2013-10-02 05:50:35', 2),
(10649, '2013-10-02 05:50:35', 2),
(10648, '2013-10-02 05:50:29', 2),
(10647, '2013-10-02 05:50:29', 2),
(10646, '2013-10-02 05:50:29', 2),
(10645, '2013-10-02 05:50:29', 2),
(10644, '2013-10-02 05:50:28', 2),
(10643, '2013-10-02 05:50:26', 2),
(10642, '2013-10-02 05:50:25', 2),
(10641, '2013-10-02 05:50:25', 2),
(10640, '2013-10-02 05:50:25', 2),
(10639, '2013-10-02 05:50:22', 2),
(10638, '2013-10-02 05:50:22', 2),
(10637, '2013-10-02 05:50:22', 2),
(10636, '2013-10-02 05:50:21', 2),
(10635, '2013-10-02 05:50:15', 2),
(10634, '2013-10-02 05:50:15', 2),
(10633, '2013-10-02 05:50:15', 2),
(10632, '2013-10-02 05:50:14', 2),
(10631, '2013-10-02 05:49:56', 2),
(10630, '2013-10-02 05:49:55', 2),
(10629, '2013-10-02 05:49:55', 2),
(10628, '2013-10-02 05:49:55', 2),
(10627, '2013-10-02 05:49:51', 2),
(10626, '2013-10-02 05:49:51', 2),
(10625, '2013-10-02 05:49:51', 2),
(10624, '2013-10-02 05:49:51', 2),
(10623, '2013-10-02 05:49:47', 2),
(10622, '2013-10-02 05:49:47', 2),
(10621, '2013-10-02 05:49:47', 2),
(10620, '2013-10-02 05:49:47', 2),
(10619, '2013-10-02 05:49:24', 2),
(10618, '2013-10-02 05:49:24', 2),
(10617, '2013-10-02 05:49:24', 2),
(10616, '2013-10-02 05:49:24', 2),
(10615, '2013-10-02 05:49:20', 2),
(10614, '2013-10-02 05:49:20', 2),
(10613, '2013-10-02 05:49:20', 2),
(10612, '2013-10-02 05:49:15', 2),
(10611, '2013-10-02 05:49:15', 2),
(10610, '2013-10-02 05:49:15', 2),
(10609, '2013-10-02 05:49:15', 2),
(10608, '2013-10-02 05:49:03', 2),
(10607, '2013-10-02 05:49:03', 2),
(10606, '2013-10-02 05:49:03', 2),
(10605, '2013-10-02 05:49:03', 2),
(10604, '2013-10-02 05:48:59', 2),
(10603, '2013-10-02 05:48:59', 2),
(10602, '2013-10-02 05:48:58', 2),
(10601, '2013-10-02 05:48:58', 2),
(10600, '2013-10-02 05:48:48', 2),
(10599, '2013-10-02 05:48:47', 2),
(10598, '2013-10-02 05:48:47', 2),
(10597, '2013-10-02 05:48:47', 2),
(10596, '2013-10-02 05:48:38', 2),
(10595, '2013-10-02 05:48:38', 2),
(10594, '2013-10-02 05:48:38', 2),
(10593, '2013-10-02 05:48:38', 2),
(10592, '2013-10-02 05:48:34', 2),
(10591, '2013-10-02 05:48:34', 2),
(10590, '2013-10-02 05:48:33', 2),
(10589, '2013-10-02 05:46:53', 2),
(10588, '2013-10-02 05:46:49', 2),
(10587, '2013-10-02 05:46:48', 2),
(10586, '2013-10-02 05:46:48', 2),
(10585, '2013-10-02 05:46:48', 2),
(10584, '2013-10-02 05:43:03', 2),
(10583, '2013-10-02 05:43:03', 2),
(10582, '2013-10-02 05:43:02', 2),
(10581, '2013-10-02 05:43:02', 2),
(10580, '2013-10-02 05:42:43', 2),
(10579, '2013-10-02 05:42:43', 2),
(10578, '2013-10-02 05:42:42', 2),
(10577, '2013-10-02 05:42:42', 2),
(10576, '2013-10-02 05:42:41', 2),
(10575, '2013-10-02 05:42:40', 2),
(10574, '2013-10-02 05:42:40', 2),
(10573, '2013-10-02 05:42:40', 2),
(10572, '2013-10-02 05:42:36', 2),
(10571, '2013-10-02 05:42:35', 2),
(10570, '2013-10-02 05:42:35', 2),
(10569, '2013-10-02 05:42:35', 2),
(10568, '2013-10-02 05:42:33', 2),
(10567, '2013-10-02 05:42:32', 2),
(10566, '2013-10-02 05:42:32', 2),
(10565, '2013-10-02 05:42:32', 2),
(10564, '2013-10-02 05:42:27', 2),
(10563, '2013-10-02 05:42:27', 1),
(10562, '2013-10-02 05:42:26', 2),
(10561, '2013-10-02 05:42:26', 1),
(10560, '2013-10-02 05:42:25', 2),
(10559, '2013-10-02 05:42:25', 1),
(10558, '2013-10-02 05:42:24', 2),
(10557, '2013-10-02 05:42:24', 1),
(10556, '2013-10-02 05:42:23', 2),
(10555, '2013-10-02 05:42:23', 1),
(10554, '2013-10-02 05:42:21', 2),
(10553, '2013-10-02 05:42:21', 1),
(10552, '2013-10-02 05:42:20', 2),
(10551, '2013-10-02 05:42:20', 1),
(10550, '2013-10-02 05:42:20', 2),
(10549, '2013-10-02 05:42:20', 1),
(10548, '2013-10-02 05:42:19', 2),
(10547, '2013-10-02 05:42:19', 1),
(10546, '2013-10-02 05:42:17', 2),
(10545, '2013-10-02 05:42:15', 1),
(10544, '2013-10-02 05:42:14', 2),
(10543, '2013-10-02 05:42:14', 1),
(10542, '2013-10-02 05:42:13', 2),
(10541, '2013-10-02 05:42:13', 2),
(10540, '2013-10-02 05:42:13', 2),
(10539, '2013-10-02 05:42:13', 1),
(10538, '2013-10-02 05:42:09', 2),
(10537, '2013-10-02 05:42:09', 2),
(10536, '2013-10-02 05:42:08', 2),
(10535, '2013-10-02 05:41:45', 2),
(10534, '2013-10-02 05:41:45', 2),
(10533, '2013-10-02 05:41:44', 2),
(10532, '2013-10-02 05:41:43', 2),
(10531, '2013-10-02 05:41:43', 2),
(10530, '2013-10-02 05:41:43', 2),
(10529, '2013-10-02 05:41:42', 2),
(10528, '2013-10-02 05:41:41', 2),
(10527, '2013-10-02 05:41:40', 2),
(10526, '2013-10-02 05:41:40', 2),
(10525, '2013-10-02 05:41:38', 2),
(10524, '2013-10-02 05:41:38', 2),
(10523, '2013-10-02 05:41:37', 2),
(10522, '2013-10-02 05:41:36', 2),
(10521, '2013-10-02 05:41:35', 2),
(10520, '2013-10-02 05:41:33', 2),
(10519, '2013-10-02 05:39:23', 2),
(10518, '2013-10-02 05:39:05', 1),
(10517, '2013-10-02 05:39:05', 2),
(10516, '2013-10-02 05:39:03', 1),
(10515, '2013-10-02 05:37:32', 1),
(10514, '2013-10-02 05:37:32', 1),
(10513, '2013-10-02 05:37:32', 1),
(10512, '2013-10-02 05:37:30', 2),
(10511, '2013-10-02 05:37:29', 1),
(10510, '2013-10-02 05:37:04', 2),
(10509, '2013-10-02 05:37:04', 1),
(10508, '2013-10-02 05:36:49', 2),
(10507, '2013-10-02 05:36:49', 1),
(10506, '2013-10-02 05:36:35', 1),
(10505, '2013-10-02 05:36:35', 2),
(10504, '2013-10-02 05:36:35', 1),
(10503, '2013-10-02 05:36:32', 2),
(10502, '2013-10-02 05:36:32', 1),
(10501, '2013-10-02 05:36:31', 2),
(10500, '2013-10-02 05:36:31', 1),
(10499, '2013-10-02 05:36:30', 2),
(10498, '2013-10-02 05:36:24', 2),
(10497, '2013-10-02 05:36:24', 2),
(10496, '2013-10-02 05:36:24', 2),
(10495, '2013-10-02 05:36:23', 1),
(10494, '2013-10-02 05:36:18', 2),
(10493, '2013-10-02 05:36:14', 2),
(10492, '2013-10-02 05:35:56', 2),
(10491, '2013-10-02 05:35:56', 2),
(10490, '2013-10-02 05:35:56', 2),
(10489, '2013-10-02 05:35:55', 2),
(10488, '2013-10-02 05:34:34', 2),
(10487, '2013-10-02 05:34:33', 2),
(10486, '2013-10-02 05:34:33', 2),
(10485, '2013-10-02 05:34:33', 2),
(10484, '2013-10-02 05:34:30', 2),
(10483, '2013-10-02 05:34:29', 2),
(10482, '2013-10-02 05:34:29', 2),
(10481, '2013-10-02 05:34:29', 2),
(10480, '2013-10-02 05:34:26', 2),
(10479, '2013-10-02 05:34:26', 2),
(10478, '2013-10-02 05:34:26', 2),
(10477, '2013-10-02 05:34:25', 2),
(10476, '2013-10-02 05:34:24', 2),
(10475, '2013-10-02 05:34:24', 2),
(10474, '2013-10-02 05:34:24', 2),
(10473, '2013-10-02 05:34:23', 2),
(10472, '2013-10-02 05:33:16', 2),
(10471, '2013-10-02 05:33:15', 2),
(10470, '2013-10-02 05:33:15', 2),
(10469, '2013-10-02 05:33:15', 2),
(10468, '2013-10-02 05:33:12', 2),
(10467, '2013-10-02 05:33:12', 2),
(10466, '2013-10-02 05:33:12', 2),
(10465, '2013-10-02 05:33:11', 2),
(10464, '2013-10-02 05:33:10', 2),
(10463, '2013-10-02 05:33:09', 2),
(10462, '2013-10-02 05:33:09', 2),
(10461, '2013-10-02 05:33:09', 2),
(10460, '2013-10-02 05:32:48', 2),
(10459, '2013-10-02 05:32:48', 2),
(10458, '2013-10-02 05:32:48', 2),
(10457, '2013-10-02 05:32:47', 2),
(10456, '2013-10-02 05:32:45', 2),
(10455, '2013-10-02 05:32:45', 2),
(10454, '2013-10-02 05:32:44', 2),
(10453, '2013-10-02 05:32:44', 2),
(10452, '2013-10-02 05:31:38', 2),
(10451, '2013-10-02 05:31:35', 2),
(10450, '2013-10-02 05:31:35', 2),
(10449, '2013-10-02 05:31:35', 2),
(10448, '2013-10-02 05:31:34', 2),
(10447, '2013-10-02 05:31:24', 2),
(10446, '2013-10-02 05:31:23', 2),
(10445, '2013-10-02 05:31:23', 2),
(10444, '2013-10-02 05:31:22', 2),
(10443, '2013-10-02 05:31:21', 2),
(10442, '2013-10-02 05:31:21', 2),
(10441, '2013-10-02 05:31:21', 2),
(10440, '2013-10-02 05:31:20', 2),
(10439, '2013-10-02 05:30:54', 2),
(10438, '2013-10-02 05:30:54', 2),
(10437, '2013-10-02 05:30:53', 2),
(10436, '2013-10-02 05:30:53', 2),
(10435, '2013-10-02 05:30:12', 2),
(10434, '2013-10-02 05:30:12', 2),
(10433, '2013-10-02 05:30:12', 2),
(10432, '2013-10-02 05:30:12', 2),
(10431, '2013-10-02 05:29:57', 2),
(10430, '2013-10-02 05:29:57', 2),
(10429, '2013-10-02 05:29:57', 2),
(10428, '2013-10-02 05:29:56', 2),
(10427, '2013-10-02 05:29:56', 2),
(10426, '2013-10-02 05:29:55', 2),
(10425, '2013-10-02 05:29:55', 2),
(10424, '2013-10-02 05:29:55', 2),
(10423, '2013-10-02 05:29:53', 2),
(10422, '2013-10-02 05:29:53', 2),
(10421, '2013-10-02 05:29:53', 2),
(10420, '2013-10-02 05:29:53', 2),
(10419, '2013-10-02 05:27:20', 2),
(10418, '2013-10-02 05:27:20', 2),
(10417, '2013-10-02 05:27:19', 2),
(10416, '2013-10-02 05:27:19', 2),
(10415, '2013-10-02 05:27:12', 2),
(10414, '2013-10-02 05:27:12', 2),
(10413, '2013-10-02 05:27:11', 2),
(10412, '2013-10-02 05:27:11', 2),
(10411, '2013-10-02 05:26:45', 2),
(10410, '2013-10-02 05:26:44', 2),
(10409, '2013-10-02 05:26:44', 2),
(10408, '2013-10-02 05:26:44', 2),
(10407, '2013-10-02 05:26:21', 2),
(10406, '2013-10-02 05:26:21', 2),
(10405, '2013-10-02 05:26:20', 2),
(10404, '2013-10-02 05:26:20', 2),
(10403, '2013-10-02 05:26:19', 2),
(10402, '2013-10-02 05:26:19', 2),
(10401, '2013-10-02 05:26:18', 2),
(10400, '2013-10-02 05:26:12', 2),
(10399, '2013-10-02 05:26:11', 2),
(10398, '2013-10-02 05:26:10', 2),
(10397, '2013-10-02 05:26:09', 2),
(10396, '2013-10-02 05:26:09', 2),
(10395, '2013-10-02 05:26:08', 2),
(10394, '2013-10-02 05:26:08', 2),
(10393, '2013-10-02 05:26:08', 2),
(10392, '2013-10-02 05:26:07', 2),
(10391, '2013-10-02 05:26:07', 2),
(10390, '2013-10-02 05:25:51', 2),
(10389, '2013-10-01 22:39:59', 2),
(10388, '2013-10-01 22:39:58', 2),
(10387, '2013-10-01 22:39:58', 2),
(10386, '2013-10-01 22:39:58', 2),
(10385, '2013-10-01 22:38:53', 2),
(10384, '2013-10-01 22:38:53', 2),
(10383, '2013-10-01 22:38:53', 2),
(10382, '2013-10-01 22:38:52', 2),
(10381, '2013-10-01 22:38:14', 2),
(10380, '2013-10-01 22:38:14', 2),
(10379, '2013-10-01 22:38:14', 2),
(10378, '2013-10-01 22:38:13', 2),
(10377, '2013-10-01 22:36:05', 2),
(10376, '2013-10-01 22:36:05', 2),
(10375, '2013-10-01 22:36:05', 2),
(10374, '2013-10-01 22:36:05', 2),
(10373, '2013-10-01 22:36:04', 2),
(10372, '2013-10-01 22:36:03', 2),
(10371, '2013-10-01 22:36:03', 2),
(10370, '2013-10-01 22:36:03', 2),
(10369, '2013-10-01 22:36:00', 2),
(10368, '2013-10-01 22:36:00', 2),
(10367, '2013-10-01 22:36:00', 2),
(10366, '2013-10-01 22:36:00', 2),
(10365, '2013-10-01 22:35:53', 2),
(10364, '2013-10-01 22:35:53', 2),
(10363, '2013-10-01 22:35:53', 2),
(10362, '2013-10-01 22:35:52', 2),
(10361, '2013-10-01 22:35:49', 2),
(10360, '2013-10-01 22:35:49', 2),
(10359, '2013-10-01 22:35:48', 2),
(10358, '2013-10-01 22:35:48', 2),
(10357, '2013-10-01 22:35:45', 2),
(10356, '2013-10-01 22:35:45', 2),
(10355, '2013-10-01 22:35:45', 2),
(10354, '2013-10-01 22:35:45', 2),
(10353, '2013-10-01 22:35:41', 2),
(10352, '2013-10-01 22:35:41', 2),
(10351, '2013-10-01 22:35:41', 2),
(10350, '2013-10-01 22:35:41', 2),
(10349, '2013-10-01 22:35:39', 2),
(10348, '2013-10-01 22:35:39', 2),
(10347, '2013-10-01 22:35:39', 2),
(10346, '2013-10-01 22:35:39', 2),
(10345, '2013-10-01 22:35:38', 2),
(10344, '2013-10-01 22:35:38', 2),
(10343, '2013-10-01 22:35:37', 2),
(10342, '2013-10-01 22:35:37', 2),
(10341, '2013-10-01 22:35:31', 2),
(10340, '2013-10-01 22:35:31', 2),
(10339, '2013-10-01 22:35:30', 2),
(10338, '2013-10-01 22:35:30', 2),
(10337, '2013-10-01 22:34:22', 2),
(10336, '2013-10-01 22:34:22', 2),
(10335, '2013-10-01 22:34:22', 2),
(10334, '2013-10-01 22:34:21', 2),
(10333, '2013-10-01 22:34:21', 2),
(10332, '2013-10-01 22:34:06', 2),
(10331, '2013-10-01 22:34:06', 2),
(10330, '2013-10-01 22:34:06', 2),
(10329, '2013-10-01 22:34:05', 2),
(10328, '2013-10-01 22:34:01', 2),
(10327, '2013-10-01 22:34:01', 2),
(10326, '2013-10-01 22:34:01', 2),
(10325, '2013-10-01 22:34:01', 2),
(10324, '2013-10-01 22:34:00', 2),
(10323, '2013-10-01 22:33:53', 2),
(10322, '2013-10-01 22:33:53', 2),
(10321, '2013-10-01 22:33:53', 2),
(10320, '2013-10-01 22:33:53', 2),
(10319, '2013-10-01 22:33:51', 2),
(10318, '2013-10-01 22:33:50', 2),
(10317, '2013-10-01 22:33:50', 2),
(10316, '2013-10-01 22:33:50', 2),
(10315, '2013-10-01 22:33:41', 2),
(10314, '2013-10-01 22:33:41', 2),
(10313, '2013-10-01 22:33:41', 2),
(10312, '2013-10-01 22:33:40', 2),
(10311, '2013-10-01 22:33:40', 2),
(10310, '2013-10-01 22:33:33', 2),
(10309, '2013-10-01 22:33:33', 2),
(10308, '2013-10-01 22:33:33', 2),
(10307, '2013-10-01 22:33:32', 2),
(10306, '2013-10-01 22:33:32', 2),
(10305, '2013-10-01 22:33:32', 2),
(10304, '2013-10-01 22:33:32', 2),
(10303, '2013-10-01 22:33:32', 2),
(10302, '2013-10-01 22:33:30', 2),
(10301, '2013-10-01 22:33:30', 2),
(10300, '2013-10-01 22:33:30', 2),
(10299, '2013-10-01 22:33:29', 2),
(10298, '2013-10-01 22:29:09', 2),
(10297, '2013-10-01 22:29:09', 2),
(10296, '2013-10-01 22:29:09', 2),
(10295, '2013-10-01 22:29:09', 2),
(10294, '2013-10-01 22:28:44', 2),
(10293, '2013-10-01 22:28:44', 2),
(10292, '2013-10-01 22:28:44', 2),
(10291, '2013-10-01 22:28:18', 2),
(10290, '2013-10-01 22:28:18', 2),
(10289, '2013-10-01 22:28:18', 2),
(10288, '2013-10-01 22:28:17', 2),
(10287, '2013-10-01 22:28:00', 2),
(10286, '2013-10-01 22:27:47', 2),
(10285, '2013-10-01 22:27:47', 2),
(10284, '2013-10-01 22:27:47', 2),
(10283, '2013-10-01 22:26:40', 2),
(10282, '2013-10-01 22:26:38', 2),
(10281, '2013-10-01 22:26:38', 2),
(10280, '2013-10-01 22:26:37', 2),
(10279, '2013-10-01 22:25:59', 2),
(10278, '2013-10-01 22:25:59', 2),
(10277, '2013-10-01 22:25:59', 2),
(10276, '2013-10-01 22:25:58', 2),
(10275, '2013-10-01 22:25:58', 2),
(10274, '2013-10-01 22:25:58', 2),
(10273, '2013-10-01 22:25:37', 2),
(10272, '2013-10-01 22:25:37', 2),
(10271, '2013-10-01 22:25:36', 2),
(10270, '2013-10-01 22:25:20', 2),
(10269, '2013-10-01 22:25:19', 2),
(10268, '2013-10-01 22:25:19', 2),
(10267, '2013-10-01 22:25:17', 2),
(10266, '2013-10-01 22:25:17', 2),
(10265, '2013-10-01 22:25:16', 2),
(10264, '2013-10-01 22:24:33', 2),
(10263, '2013-10-01 22:24:33', 2),
(10262, '2013-10-01 22:24:33', 2),
(10261, '2013-10-01 22:24:29', 2),
(10260, '2013-10-01 22:24:29', 2),
(10259, '2013-10-01 22:24:29', 2),
(10258, '2013-10-01 22:24:23', 2),
(10257, '2013-10-01 22:24:22', 2),
(10256, '2013-10-01 22:24:22', 2),
(10255, '2013-10-01 22:24:22', 2),
(10254, '2013-10-01 22:23:33', 2),
(10253, '2013-10-01 22:23:33', 2),
(10252, '2013-10-01 22:23:33', 2),
(10251, '2013-10-01 22:23:32', 2),
(10250, '2013-10-01 22:23:28', 2),
(10249, '2013-10-01 22:23:28', 2),
(10248, '2013-10-01 22:23:28', 2),
(10247, '2013-10-01 22:23:28', 2),
(10246, '2013-10-01 22:23:27', 2),
(10245, '2013-10-01 22:23:27', 2),
(10244, '2013-10-01 22:23:26', 2),
(10243, '2013-10-01 22:23:26', 2),
(10242, '2013-10-01 22:22:23', 2),
(10241, '2013-10-01 22:22:23', 2),
(10240, '2013-10-01 22:22:23', 2),
(10239, '2013-10-01 22:22:23', 2),
(10238, '2013-10-01 22:22:08', 2),
(10237, '2013-10-01 22:22:08', 2),
(10236, '2013-10-01 22:22:07', 2),
(10235, '2013-10-01 22:22:07', 2),
(10234, '2013-10-01 22:22:04', 2),
(10233, '2013-10-01 22:22:04', 2),
(10232, '2013-10-01 22:22:04', 2),
(10231, '2013-10-01 22:22:04', 2),
(10230, '2013-10-01 22:22:03', 2),
(10229, '2013-10-01 22:22:03', 2),
(10228, '2013-10-01 22:22:03', 2),
(10227, '2013-10-01 22:22:03', 2),
(10226, '2013-10-01 22:21:49', 2),
(10225, '2013-10-01 22:21:49', 1),
(10224, '2013-10-01 22:21:46', 2),
(10223, '2013-10-01 22:21:46', 2),
(10222, '2013-10-01 22:21:46', 2),
(10221, '2013-10-01 22:21:46', 2),
(10220, '2013-10-01 22:21:45', 2),
(10219, '2013-10-01 22:21:41', 2),
(10218, '2013-10-01 22:21:40', 1),
(10217, '2013-10-01 22:21:37', 2),
(10216, '2013-10-01 22:21:37', 2),
(10215, '2013-10-01 22:21:37', 2),
(10214, '2013-10-01 22:21:37', 2),
(10213, '2013-10-01 22:21:32', 2),
(10212, '2013-10-01 22:21:31', 1),
(10211, '2013-10-01 22:21:26', 2),
(10210, '2013-10-01 22:21:26', 2),
(10209, '2013-10-01 22:21:25', 2),
(10208, '2013-10-01 22:21:25', 2),
(10207, '2013-10-01 22:21:25', 2),
(10206, '2013-10-01 22:21:22', 2),
(10205, '2013-10-01 22:21:22', 2),
(10204, '2013-10-01 22:21:21', 2),
(10203, '2013-10-01 22:21:21', 2),
(10202, '2013-10-01 22:21:19', 2),
(10201, '2013-10-01 22:21:18', 2),
(10200, '2013-10-01 22:21:18', 2),
(10199, '2013-10-01 22:21:18', 2),
(10198, '2013-10-01 22:21:11', 2),
(10197, '2013-10-01 22:21:11', 2),
(10196, '2013-10-01 22:21:11', 2),
(10195, '2013-10-01 22:21:10', 2),
(10194, '2013-10-01 22:21:05', 2),
(10193, '2013-10-01 22:21:04', 1),
(10192, '2013-10-01 22:20:55', 2),
(10191, '2013-10-01 22:20:55', 2),
(10190, '2013-10-01 22:20:55', 2),
(10189, '2013-10-01 22:20:54', 2),
(10188, '2013-10-01 22:20:43', 2),
(10187, '2013-10-01 22:20:43', 2),
(10186, '2013-10-01 22:20:42', 2),
(10185, '2013-10-01 22:20:42', 2),
(10184, '2013-10-01 22:20:41', 2),
(10183, '2013-10-01 22:20:40', 2),
(10182, '2013-10-01 22:20:40', 2),
(10181, '2013-10-01 22:20:40', 2),
(10180, '2013-10-01 22:20:17', 2),
(10179, '2013-10-01 22:20:17', 2),
(10178, '2013-10-01 22:20:16', 2),
(10177, '2013-10-01 22:20:16', 2),
(10176, '2013-10-01 22:19:40', 2),
(10175, '2013-10-01 22:19:39', 2),
(10174, '2013-10-01 22:19:36', 2),
(10173, '2013-10-01 22:19:35', 2),
(10172, '2013-10-01 22:19:32', 2),
(10171, '2013-10-01 22:19:32', 2),
(10170, '2013-10-01 22:19:32', 2),
(10169, '2013-10-01 22:19:32', 2),
(10168, '2013-10-01 22:19:32', 2),
(10167, '2013-10-01 22:19:12', 2),
(10166, '2013-10-01 22:19:11', 2),
(10165, '2013-10-01 22:19:11', 2),
(10164, '2013-10-01 22:19:11', 2),
(10163, '2013-10-01 22:19:11', 2),
(10162, '2013-10-01 22:19:10', 2),
(10161, '2013-10-01 22:19:09', 2),
(10160, '2013-10-01 22:19:09', 2),
(10159, '2013-10-01 22:19:09', 2),
(10158, '2013-10-01 22:19:06', 2),
(10157, '2013-10-01 22:19:06', 2),
(10156, '2013-10-01 22:19:06', 2),
(10155, '2013-10-01 22:19:06', 2),
(10154, '2013-10-01 22:18:40', 2),
(10153, '2013-10-01 22:18:40', 2),
(10152, '2013-10-01 22:18:40', 2),
(10151, '2013-10-01 22:18:40', 2),
(10150, '2013-10-01 22:18:40', 2),
(10149, '2013-10-01 22:18:39', 2),
(10148, '2013-10-01 22:18:39', 2),
(10147, '2013-10-01 22:18:39', 2),
(10146, '2013-10-01 22:18:37', 2),
(10145, '2013-10-01 22:18:36', 2),
(10144, '2013-10-01 22:18:36', 2),
(10143, '2013-10-01 22:18:36', 2),
(10142, '2013-10-01 22:18:36', 2),
(10141, '2013-10-01 22:18:28', 2),
(10140, '2013-10-01 22:18:28', 2),
(10139, '2013-10-01 22:18:28', 2),
(10138, '2013-10-01 22:18:27', 2),
(10137, '2013-10-01 22:18:17', 2),
(10136, '2013-10-01 22:18:17', 2),
(10135, '2013-10-01 22:18:16', 2),
(10134, '2013-10-01 22:18:16', 2),
(10133, '2013-10-01 22:14:03', 2),
(10132, '2013-10-01 22:14:03', 2),
(10131, '2013-10-01 22:14:02', 2),
(10130, '2013-10-01 22:14:02', 2),
(10129, '2013-10-01 22:13:53', 2),
(10128, '2013-10-01 22:13:53', 2),
(10127, '2013-10-01 22:13:53', 2),
(10126, '2013-10-01 22:13:52', 2),
(10125, '2013-10-01 22:13:25', 2),
(10124, '2013-10-01 22:13:25', 2),
(10123, '2013-10-01 22:13:25', 2),
(10122, '2013-10-01 22:13:24', 2),
(10121, '2013-10-01 22:12:54', 2),
(10120, '2013-10-01 22:12:54', 2),
(10119, '2013-10-01 22:12:53', 2),
(10118, '2013-10-01 22:12:53', 2),
(10117, '2013-10-01 22:12:42', 2),
(10116, '2013-10-01 22:12:42', 2),
(10115, '2013-10-01 22:12:42', 2),
(10114, '2013-10-01 22:12:42', 2),
(10113, '2013-10-01 22:12:29', 2),
(10112, '2013-10-01 22:12:28', 2),
(10111, '2013-10-01 22:12:28', 2),
(10110, '2013-10-01 22:12:28', 2),
(10109, '2013-10-01 22:12:26', 2),
(10108, '2013-10-01 22:12:26', 2),
(10107, '2013-10-01 22:12:26', 2),
(10106, '2013-10-01 22:12:25', 2),
(10105, '2013-10-01 22:12:04', 2),
(10104, '2013-10-01 22:11:11', 2),
(10103, '2013-10-01 22:11:10', 2),
(10102, '2013-10-01 22:11:10', 2),
(10101, '2013-10-01 22:11:10', 2),
(10100, '2013-10-01 22:10:58', 2),
(10099, '2013-10-01 22:10:26', 2),
(10098, '2013-10-01 22:10:18', 2),
(10097, '2013-10-01 22:10:12', 2),
(10096, '2013-10-01 22:10:06', 2),
(10095, '2013-10-01 22:10:00', 2),
(10094, '2013-10-01 22:10:00', 2),
(10093, '2013-10-01 22:10:00', 2),
(10092, '2013-10-01 22:10:00', 2),
(10091, '2013-10-01 22:10:00', 2),
(10090, '2013-10-01 22:09:59', 2),
(10089, '2013-10-01 22:09:59', 2),
(10088, '2013-10-01 22:09:53', 2),
(10087, '2013-10-01 22:09:50', 2),
(10086, '2013-10-01 22:00:03', 2),
(10085, '2013-10-01 22:00:03', 2),
(10084, '2013-10-01 22:00:03', 2),
(10083, '2013-10-01 22:00:02', 2),
(10082, '2013-10-01 21:59:53', 2),
(10081, '2013-10-01 21:59:53', 2),
(10080, '2013-10-01 21:59:53', 2),
(10079, '2013-10-01 21:59:53', 2),
(10078, '2013-10-01 21:57:06', 2),
(10077, '2013-10-01 21:57:06', 2),
(10076, '2013-10-01 21:57:06', 2),
(10075, '2013-10-01 21:57:06', 2),
(10074, '2013-10-01 21:57:06', 2),
(10073, '2013-10-01 21:57:05', 2),
(10072, '2013-10-01 21:57:05', 2),
(10071, '2013-10-01 21:57:05', 2),
(10070, '2013-10-01 21:57:05', 2),
(10069, '2013-10-01 21:57:05', 2),
(10068, '2013-10-01 21:57:05', 2),
(10067, '2013-10-01 21:57:04', 2),
(10066, '2013-10-01 21:57:04', 2),
(10065, '2013-10-01 21:57:04', 2),
(10064, '2013-10-01 21:57:04', 2),
(10063, '2013-10-01 21:57:04', 2),
(10062, '2013-10-01 21:57:04', 2),
(10061, '2013-10-01 21:57:03', 2),
(10060, '2013-10-01 21:57:03', 2),
(10059, '2013-10-01 21:57:03', 2),
(10058, '2013-10-01 21:57:03', 2),
(10057, '2013-10-01 21:57:03', 2),
(10056, '2013-10-01 21:57:02', 2),
(10055, '2013-10-01 21:57:02', 2),
(10054, '2013-10-01 21:57:01', 2),
(10053, '2013-10-01 21:56:58', 2),
(10052, '2013-10-01 21:42:31', 2),
(10051, '2013-10-01 21:41:36', 2),
(10050, '2013-10-01 21:41:36', 2),
(10049, '2013-10-01 21:41:36', 2),
(10048, '2013-10-01 21:41:36', 2),
(10047, '2013-10-01 21:41:36', 2),
(10046, '2013-10-01 21:41:35', 2),
(10045, '2013-10-01 21:41:34', 2),
(10044, '2013-10-01 21:41:34', 2),
(10043, '2013-10-01 21:41:34', 2),
(10042, '2013-10-01 21:41:34', 2),
(10041, '2013-10-01 21:41:33', 2),
(10040, '2013-10-01 21:41:32', 2),
(10039, '2013-10-01 21:41:32', 2),
(10038, '2013-10-01 21:41:32', 2),
(10037, '2013-10-01 21:40:05', 2),
(10036, '2013-10-01 21:40:05', 2),
(10035, '2013-10-01 21:40:05', 2),
(10034, '2013-10-01 21:40:05', 2),
(10033, '2013-10-01 21:40:04', 2),
(10032, '2013-10-01 21:40:04', 2),
(10031, '2013-10-01 21:40:03', 2),
(10030, '2013-10-01 21:40:03', 2),
(10029, '2013-10-01 21:40:00', 2),
(10028, '2013-10-01 21:39:59', 2),
(10027, '2013-10-01 21:39:57', 2),
(10026, '2013-10-01 21:39:57', 2),
(10025, '2013-10-01 21:39:56', 2),
(10024, '2013-10-01 21:39:52', 2),
(10023, '2013-10-01 21:39:52', 2),
(10022, '2013-10-01 21:39:52', 2),
(10021, '2013-10-01 21:39:52', 2),
(10020, '2013-10-01 21:39:52', 2),
(10019, '2013-10-01 21:39:46', 2),
(10018, '2013-10-01 21:39:46', 2),
(10017, '2013-10-01 21:39:46', 2),
(10016, '2013-10-01 21:39:46', 2),
(10015, '2013-10-01 21:39:46', 2),
(10014, '2013-10-01 21:39:45', 2),
(10013, '2013-10-01 21:39:42', 2),
(10012, '2013-10-01 21:39:42', 2),
(10011, '2013-10-01 21:39:42', 2),
(10010, '2013-10-01 21:39:42', 2),
(10009, '2013-10-01 21:39:41', 2),
(10008, '2013-10-01 21:39:34', 2),
(10007, '2013-10-01 21:39:34', 2),
(10006, '2013-10-01 21:39:34', 2),
(10005, '2013-10-01 21:39:33', 2),
(10004, '2013-10-01 21:39:33', 2),
(10003, '2013-10-01 21:39:33', 2),
(10002, '2013-10-01 21:39:25', 2),
(10001, '2013-10-01 21:39:25', 2),
(10000, '2013-10-01 21:39:25', 2),
(9999, '2013-10-01 21:39:24', 2),
(9998, '2013-10-01 21:39:17', 2),
(9997, '2013-10-01 21:39:17', 2),
(9996, '2013-10-01 21:39:17', 2),
(9995, '2013-10-01 21:39:17', 2),
(9994, '2013-10-01 21:39:12', 2),
(9993, '2013-10-01 21:39:12', 2),
(9992, '2013-10-01 21:39:12', 2),
(9991, '2013-10-01 21:39:11', 2),
(9990, '2013-10-01 21:38:41', 2),
(9989, '2013-10-01 21:38:41', 2),
(9988, '2013-10-01 21:38:41', 2),
(9987, '2013-10-01 21:38:40', 2),
(9986, '2013-10-01 21:38:27', 2),
(9985, '2013-10-01 21:38:27', 2),
(9984, '2013-10-01 21:38:27', 2),
(9983, '2013-10-01 21:38:27', 2),
(9982, '2013-10-01 21:38:25', 2),
(9981, '2013-10-01 21:38:25', 2),
(9980, '2013-10-01 21:38:25', 2),
(9979, '2013-10-01 21:38:24', 2),
(9978, '2013-10-01 21:38:18', 2),
(9977, '2013-10-01 21:38:18', 2),
(9976, '2013-10-01 21:38:17', 2),
(9975, '2013-10-01 21:38:17', 2),
(9974, '2013-10-01 21:36:33', 2),
(9973, '2013-10-01 21:36:33', 2),
(9972, '2013-10-01 21:36:32', 2),
(9971, '2013-10-01 21:36:32', 2),
(9970, '2013-10-01 21:36:32', 2),
(9969, '2013-10-01 21:36:11', 2),
(9968, '2013-10-01 21:36:10', 2),
(9967, '2013-10-01 21:36:10', 2),
(9966, '2013-10-01 21:36:10', 2),
(9965, '2013-10-01 21:36:10', 2),
(9964, '2013-10-01 21:35:54', 1),
(9963, '2013-10-01 21:35:54', 2),
(9962, '2013-10-01 21:35:54', 1),
(9961, '2013-10-01 21:35:53', 2),
(9960, '2013-10-01 21:35:53', 1),
(9959, '2013-10-01 21:35:52', 1),
(9958, '2013-10-01 21:35:52', 2),
(9957, '2013-10-01 21:35:52', 1),
(9956, '2013-10-01 21:35:51', 2),
(9955, '2013-10-01 21:35:51', 1),
(9954, '2013-10-01 21:35:49', 2),
(9953, '2013-10-01 21:35:48', 2),
(9952, '2013-10-01 21:35:48', 2),
(9951, '2013-10-01 21:35:48', 2),
(9950, '2013-10-01 21:35:47', 2),
(9949, '2013-10-01 21:35:46', 2),
(9948, '2013-10-01 21:35:46', 2),
(9947, '2013-10-01 21:35:46', 2),
(9946, '2013-10-01 21:35:46', 2),
(9945, '2013-10-01 21:35:43', 1),
(9944, '2013-10-01 21:35:42', 2),
(9943, '2013-10-01 21:35:42', 1),
(9942, '2013-10-01 21:35:38', 2),
(9941, '2013-10-01 21:35:37', 1),
(9940, '2013-10-01 21:35:32', 2),
(9939, '2013-10-01 21:35:32', 2),
(9938, '2013-10-01 21:35:32', 2),
(9937, '2013-10-01 21:35:32', 2),
(9936, '2013-10-01 21:35:22', 1),
(9935, '2013-10-01 21:35:22', 2),
(9934, '2013-10-01 21:35:22', 1),
(9933, '2013-10-01 21:35:19', 2),
(9932, '2013-10-01 21:35:19', 1),
(9931, '2013-10-01 21:35:18', 2),
(9930, '2013-10-01 21:35:18', 1),
(9929, '2013-10-01 21:35:17', 2),
(9928, '2013-10-01 21:35:17', 1),
(9927, '2013-10-01 21:35:10', 2),
(9926, '2013-10-01 21:35:09', 2),
(9925, '2013-10-01 21:35:09', 2),
(9924, '2013-10-01 21:35:09', 2),
(9923, '2013-10-01 21:35:09', 2),
(9922, '2013-10-01 21:35:04', 2),
(9921, '2013-10-01 21:35:04', 2),
(9920, '2013-10-01 21:35:04', 2),
(9919, '2013-10-01 21:35:04', 2),
(9918, '2013-10-01 21:35:04', 2),
(9917, '2013-10-01 21:34:52', 2),
(9916, '2013-10-01 21:34:52', 2),
(9915, '2013-10-01 21:34:52', 2),
(9914, '2013-10-01 21:34:51', 2),
(9913, '2013-10-01 21:34:51', 2),
(9912, '2013-10-01 21:34:41', 2),
(9911, '2013-10-01 21:34:41', 2),
(9910, '2013-10-01 21:34:40', 2),
(9909, '2013-10-01 21:34:40', 2),
(9908, '2013-10-01 21:33:42', 2),
(9907, '2013-10-01 21:33:42', 2),
(9906, '2013-10-01 21:33:42', 2),
(9905, '2013-10-01 21:33:42', 2),
(9904, '2013-10-01 21:33:40', 2),
(9903, '2013-10-01 21:33:40', 2),
(9902, '2013-10-01 21:33:40', 2),
(9901, '2013-10-01 21:33:40', 2),
(9900, '2013-10-01 21:33:39', 2),
(9899, '2013-10-01 21:33:39', 2),
(9898, '2013-10-01 21:33:39', 2),
(9897, '2013-10-01 21:33:39', 2),
(9896, '2013-10-01 21:33:37', 2),
(9895, '2013-10-01 21:33:37', 2),
(9894, '2013-10-01 21:33:37', 2),
(9893, '2013-10-01 21:33:37', 2),
(9892, '2013-10-01 21:33:36', 2),
(9891, '2013-10-01 21:33:36', 2),
(9890, '2013-10-01 21:33:36', 2),
(9889, '2013-10-01 21:33:35', 2),
(9888, '2013-10-01 21:33:18', 2),
(9887, '2013-10-01 21:33:18', 2),
(9886, '2013-10-01 21:33:18', 2),
(9885, '2013-10-01 21:33:17', 2),
(9884, '2013-10-01 21:33:16', 2),
(9883, '2013-10-01 21:33:16', 2),
(9882, '2013-10-01 21:33:16', 2),
(9881, '2013-10-01 21:33:16', 2),
(9880, '2013-10-01 21:33:15', 2),
(9879, '2013-10-01 21:33:15', 2),
(9878, '2013-10-01 21:33:15', 2),
(9877, '2013-10-01 21:33:15', 2),
(9876, '2013-10-01 21:33:14', 2),
(9875, '2013-10-01 21:33:14', 2),
(9874, '2013-10-01 21:33:14', 2),
(9873, '2013-10-01 21:33:14', 2),
(9872, '2013-10-01 21:33:13', 2),
(9871, '2013-10-01 21:33:13', 2),
(9870, '2013-10-01 21:33:13', 2),
(9869, '2013-10-01 21:33:12', 2),
(9868, '2013-10-01 21:33:12', 2),
(9867, '2013-10-01 21:33:12', 2),
(9866, '2013-10-01 21:33:11', 2),
(9865, '2013-10-01 21:33:11', 2),
(9864, '2013-10-01 21:33:11', 2),
(9863, '2013-10-01 21:33:10', 2),
(9862, '2013-10-01 21:33:10', 2),
(9861, '2013-10-01 21:33:10', 2),
(9860, '2013-10-01 21:33:08', 2),
(9859, '2013-10-01 21:33:08', 2),
(9858, '2013-10-01 21:33:07', 2),
(9857, '2013-10-01 21:33:07', 2),
(9856, '2013-10-01 21:33:06', 2),
(9855, '2013-10-01 21:33:06', 2),
(9854, '2013-10-01 21:33:06', 2),
(9853, '2013-10-01 21:33:05', 2),
(9852, '2013-10-01 21:33:02', 2),
(9851, '2013-10-01 21:33:02', 2),
(9850, '2013-10-01 21:33:02', 2),
(9849, '2013-10-01 21:33:02', 2),
(9848, '2013-10-01 21:33:01', 2),
(9847, '2013-10-01 21:33:01', 2),
(9846, '2013-10-01 21:33:00', 2),
(9845, '2013-10-01 21:33:00', 2),
(9844, '2013-10-01 21:32:40', 2),
(9843, '2013-10-01 21:32:40', 2),
(9842, '2013-10-01 21:32:40', 2),
(9841, '2013-10-01 21:32:39', 2),
(9840, '2013-10-01 21:32:26', 2),
(9839, '2013-10-01 21:32:26', 2),
(9838, '2013-10-01 21:32:26', 2),
(9837, '2013-10-01 21:32:26', 2),
(9836, '2013-10-01 21:31:06', 2),
(9835, '2013-10-01 21:31:05', 2),
(9834, '2013-10-01 21:31:05', 2),
(9833, '2013-10-01 21:31:05', 2),
(9832, '2013-10-01 21:29:02', 2),
(9831, '2013-10-01 21:29:01', 2),
(9830, '2013-10-01 21:29:01', 2),
(9829, '2013-10-01 21:29:01', 2),
(9828, '2013-10-01 21:27:20', 2),
(9827, '2013-10-01 21:27:20', 2),
(9826, '2013-10-01 21:27:20', 2),
(9825, '2013-10-01 21:27:19', 2),
(9824, '2013-10-01 21:24:44', 2),
(9823, '2013-10-01 21:24:21', 2),
(9822, '2013-10-01 21:24:21', 2),
(9821, '2013-10-01 21:24:21', 2),
(9820, '2013-10-01 21:24:21', 2),
(9819, '2013-10-01 21:24:19', 2),
(9818, '2013-10-01 21:24:19', 2),
(9817, '2013-10-01 21:24:18', 2),
(9816, '2013-10-01 21:24:18', 2),
(9815, '2013-10-01 21:24:17', 2),
(9814, '2013-10-01 21:24:17', 2),
(9813, '2013-10-01 21:24:17', 2),
(9812, '2013-10-01 21:24:17', 2),
(9811, '2013-10-01 21:24:05', 2),
(9810, '2013-10-01 21:24:04', 2),
(9809, '2013-10-01 21:24:00', 2),
(9808, '2013-10-01 21:24:00', 2),
(9807, '2013-10-01 21:24:00', 2),
(9806, '2013-10-01 21:24:00', 2),
(9805, '2013-10-01 21:23:58', 2),
(9804, '2013-10-01 21:23:58', 2),
(9803, '2013-10-01 21:23:57', 2),
(9802, '2013-10-01 21:23:57', 2),
(9801, '2013-10-01 21:23:54', 2),
(9800, '2013-10-01 21:23:54', 2),
(9799, '2013-10-01 21:23:54', 2),
(9798, '2013-10-01 21:23:54', 2),
(9797, '2013-10-01 21:22:00', 2),
(9796, '2013-10-01 21:22:00', 2),
(9795, '2013-10-01 21:21:59', 2),
(9794, '2013-10-01 21:21:59', 2),
(9793, '2013-10-01 21:21:58', 2),
(9792, '2013-10-01 21:21:58', 2),
(9791, '2013-10-01 21:21:58', 2),
(9790, '2013-10-01 21:21:58', 2),
(9789, '2013-10-01 21:21:54', 2),
(9788, '2013-10-01 21:21:53', 2),
(9787, '2013-10-01 21:21:53', 2),
(9786, '2013-10-01 21:21:52', 2),
(9785, '2013-10-01 21:21:52', 2),
(9784, '2013-10-01 21:21:06', 2),
(9783, '2013-10-01 21:21:06', 2),
(9782, '2013-10-01 21:21:06', 2),
(9781, '2013-10-01 21:21:05', 2),
(9780, '2013-10-01 21:21:03', 2),
(9779, '2013-10-01 21:21:01', 2),
(9778, '2013-10-01 21:21:01', 2),
(9777, '2013-10-01 21:21:01', 2),
(9776, '2013-10-01 21:21:01', 2),
(9775, '2013-10-01 21:20:59', 2),
(9774, '2013-10-01 21:20:59', 2),
(9773, '2013-10-01 21:20:59', 2),
(9772, '2013-10-01 21:20:59', 2),
(9771, '2013-10-01 21:20:57', 2),
(9770, '2013-10-01 21:20:56', 2),
(9769, '2013-10-01 21:20:56', 2),
(9768, '2013-10-01 21:20:56', 2),
(9767, '2013-10-01 21:20:04', 2),
(9766, '2013-10-01 21:20:04', 2),
(9765, '2013-10-01 21:20:03', 2),
(9764, '2013-10-01 21:20:03', 2),
(9763, '2013-10-01 21:20:03', 2),
(9762, '2013-10-01 21:20:03', 2),
(9761, '2013-10-01 21:20:03', 2),
(9760, '2013-10-01 21:20:03', 2),
(9759, '2013-10-01 21:20:02', 2),
(9758, '2013-10-01 21:20:02', 2),
(9757, '2013-10-01 21:20:02', 2),
(9756, '2013-10-01 21:20:02', 2),
(9755, '2013-10-01 21:20:01', 2),
(9754, '2013-10-01 21:20:01', 2),
(9753, '2013-10-01 21:19:59', 2),
(9752, '2013-10-01 21:19:53', 2),
(9751, '2013-10-01 21:19:51', 2),
(9750, '2013-10-01 21:19:51', 2),
(9749, '2013-10-01 21:19:51', 2),
(9748, '2013-10-01 21:19:51', 2),
(9747, '2013-10-01 21:19:11', 2),
(9746, '2013-10-01 21:19:02', 2),
(9745, '2013-10-01 21:19:02', 2),
(9744, '2013-10-01 21:19:02', 2),
(9743, '2013-10-01 21:19:02', 2),
(9742, '2013-10-01 21:18:54', 2),
(9741, '2013-10-01 21:18:54', 2),
(9740, '2013-10-01 21:18:54', 2),
(9739, '2013-10-01 21:18:54', 2),
(9738, '2013-10-01 21:18:14', 2),
(9737, '2013-10-01 21:18:14', 2),
(9736, '2013-10-01 21:18:13', 2),
(9735, '2013-10-01 21:18:13', 2),
(9734, '2013-10-01 21:17:57', 2),
(9733, '2013-10-01 21:17:57', 2),
(9732, '2013-10-01 21:17:56', 2),
(9731, '2013-10-01 21:17:53', 2),
(9730, '2013-10-01 21:17:52', 2),
(9729, '2013-10-01 21:17:51', 1),
(9728, '2013-10-01 21:14:15', 2),
(9727, '2013-10-01 21:14:13', 1),
(9726, '2013-10-01 21:14:13', 2),
(9725, '2013-10-01 21:13:53', 2),
(9724, '2013-10-01 21:13:44', 2),
(9723, '2013-10-01 21:13:41', 2),
(9722, '2013-10-01 21:13:32', 2),
(9721, '2013-10-01 21:12:47', 2),
(9720, '2013-10-01 21:12:39', 2),
(9719, '2013-10-01 21:12:39', 2),
(9718, '2013-10-01 21:12:39', 2),
(9717, '2013-10-01 21:12:34', 2),
(9716, '2013-10-01 21:12:34', 2),
(9715, '2013-10-01 21:12:33', 2),
(9714, '2013-10-01 21:12:16', 2),
(9713, '2013-10-01 21:12:16', 2),
(9712, '2013-10-01 21:12:15', 2),
(9711, '2013-10-01 21:12:15', 2),
(9710, '2013-10-01 21:12:15', 2),
(9709, '2013-10-01 21:12:15', 2),
(9708, '2013-10-01 21:12:14', 2),
(9707, '2013-10-01 21:12:13', 2),
(9706, '2013-10-01 21:12:13', 2),
(9705, '2013-10-01 21:12:13', 2),
(9704, '2013-10-01 21:12:12', 2),
(9703, '2013-10-01 21:11:45', 2),
(9702, '2013-10-01 21:11:15', 2),
(9701, '2013-10-01 21:10:43', 2),
(9700, '2013-10-01 21:10:06', 2),
(9699, '2013-10-01 21:10:01', 2),
(9698, '2013-10-01 21:10:01', 2),
(9697, '2013-10-01 21:10:00', 2),
(9696, '2013-10-01 21:10:00', 2),
(9695, '2013-10-01 21:09:42', 2),
(9694, '2013-10-01 21:09:42', 2),
(9693, '2013-10-01 21:09:42', 2),
(9692, '2013-10-01 21:09:41', 2),
(9691, '2013-10-01 21:09:41', 2),
(9690, '2013-10-01 21:09:12', 2),
(9689, '2013-10-01 21:09:07', 2),
(9688, '2013-10-01 21:09:06', 2),
(9687, '2013-10-01 21:09:06', 2),
(9686, '2013-10-01 21:09:06', 2),
(9685, '2013-10-01 21:08:56', 2),
(9684, '2013-10-01 21:07:46', 2),
(9683, '2013-10-01 21:07:39', 2),
(9682, '2013-10-01 21:07:39', 2),
(9681, '2013-10-01 21:07:39', 2),
(9680, '2013-10-01 21:07:38', 2),
(9679, '2013-10-01 21:07:20', 2),
(9678, '2013-10-01 21:07:15', 2),
(9677, '2013-10-01 21:07:14', 2),
(9676, '2013-10-01 21:07:14', 2),
(9675, '2013-10-01 21:07:14', 2),
(9674, '2013-10-01 21:07:12', 2),
(9673, '2013-10-01 21:07:12', 2),
(9672, '2013-10-01 21:07:12', 2),
(9671, '2013-10-01 21:07:11', 2),
(9670, '2013-10-01 21:07:10', 2),
(9669, '2013-10-01 21:06:33', 2),
(9668, '2013-10-01 21:06:29', 2),
(9667, '2013-10-01 21:06:29', 2),
(9666, '2013-10-01 21:06:29', 2),
(9665, '2013-10-01 21:06:29', 2),
(9664, '2013-10-01 21:05:57', 2),
(9663, '2013-10-01 21:05:56', 2),
(9662, '2013-10-01 21:05:56', 2),
(9661, '2013-10-01 21:05:56', 2),
(9660, '2013-10-01 21:02:38', 2),
(9659, '2013-10-01 21:02:37', 2),
(9658, '2013-10-01 21:02:37', 2),
(9657, '2013-10-01 21:02:36', 2),
(9656, '2013-10-01 21:02:33', 2),
(9655, '2013-10-01 21:02:33', 2),
(9654, '2013-10-01 21:02:32', 2),
(9653, '2013-10-01 21:02:32', 2),
(9652, '2013-10-01 21:02:15', 2),
(9651, '2013-10-01 21:02:15', 2),
(9650, '2013-10-01 21:02:15', 2),
(9649, '2013-10-01 21:02:14', 2),
(9648, '2013-10-01 21:02:04', 2),
(9647, '2013-10-01 21:02:04', 2),
(9646, '2013-10-01 21:02:04', 2),
(9645, '2013-10-01 21:02:03', 2),
(9644, '2013-10-01 20:59:03', 2),
(9643, '2013-10-01 20:59:03', 2),
(9642, '2013-10-01 20:59:03', 2);
INSERT INTO `review` (`id_review`, `cd_review`, `id_rreview`) VALUES
(9641, '2013-10-01 20:59:02', 2),
(9640, '2013-10-01 20:58:57', 2),
(9639, '2013-10-01 20:58:57', 2),
(9638, '2013-10-01 20:58:57', 2),
(9637, '2013-10-01 20:58:56', 2),
(9636, '2013-10-01 20:58:30', 2),
(9635, '2013-10-01 20:58:30', 2),
(9634, '2013-10-01 20:58:30', 2),
(9633, '2013-10-01 20:58:30', 2),
(9632, '2013-10-01 20:57:54', 1),
(9631, '2013-10-01 20:57:52', 1),
(9630, '2013-10-01 20:57:45', 2),
(9629, '2013-10-01 20:57:44', 2),
(9628, '2013-10-01 20:57:44', 2),
(9627, '2013-10-01 20:57:44', 2),
(9626, '2013-10-01 20:57:42', 2),
(9625, '2013-10-01 20:57:42', 2),
(9624, '2013-10-01 20:57:42', 2),
(9623, '2013-10-01 20:57:42', 2),
(9622, '2013-10-01 20:56:58', 2),
(9621, '2013-10-01 20:56:58', 2),
(9620, '2013-10-01 20:56:58', 2),
(9619, '2013-10-01 20:56:57', 2),
(9618, '2013-10-01 20:56:50', 2),
(9617, '2013-10-01 20:56:50', 2),
(9616, '2013-10-01 20:56:50', 2),
(9615, '2013-10-01 20:56:49', 2),
(9614, '2013-10-01 20:56:44', 2),
(9613, '2013-10-01 20:56:44', 2),
(9612, '2013-10-01 20:56:44', 2),
(9611, '2013-10-01 20:56:43', 2),
(9610, '2013-10-01 20:56:40', 2),
(9609, '2013-10-01 20:56:40', 2),
(9608, '2013-10-01 20:56:40', 2),
(9607, '2013-10-01 20:56:39', 2),
(9606, '2013-10-01 20:55:53', 2),
(9605, '2013-10-01 20:55:53', 2),
(9604, '2013-10-01 20:55:53', 2),
(9603, '2013-10-01 20:55:53', 2),
(9602, '2013-10-01 20:55:45', 2),
(9601, '2013-10-01 20:55:45', 2),
(9600, '2013-10-01 20:55:45', 2),
(9599, '2013-10-01 20:55:45', 2),
(9598, '2013-10-01 20:54:09', 2),
(9597, '2013-10-01 20:54:09', 2),
(9596, '2013-10-01 20:54:08', 2),
(9595, '2013-10-01 20:54:08', 2),
(9594, '2013-10-01 20:50:05', 2),
(9593, '2013-10-01 20:50:05', 2),
(9592, '2013-10-01 20:50:04', 2),
(9591, '2013-10-01 20:50:04', 2),
(9590, '2013-10-01 20:50:03', 2),
(9589, '2013-10-01 20:50:03', 2),
(9588, '2013-10-01 20:50:02', 2),
(9587, '2013-10-01 20:50:02', 2),
(9586, '2013-10-01 20:46:49', 2),
(9585, '2013-10-01 20:46:49', 2),
(9584, '2013-10-01 20:46:49', 2),
(9583, '2013-10-01 20:46:48', 2),
(9582, '2013-10-01 20:46:47', 2),
(9581, '2013-10-01 20:46:47', 2),
(9580, '2013-10-01 20:46:47', 2),
(9579, '2013-10-01 20:46:46', 2),
(9578, '2013-10-01 20:46:07', 1),
(9577, '2013-10-01 20:46:06', 1),
(9576, '2013-10-01 20:46:01', 2),
(9575, '2013-10-01 20:46:01', 2),
(9574, '2013-10-01 20:46:01', 2),
(9573, '2013-10-01 20:46:01', 2),
(9572, '2013-10-01 20:45:53', 2),
(9571, '2013-10-01 20:45:52', 2),
(9570, '2013-10-01 20:45:52', 2),
(9569, '2013-10-01 20:45:52', 2),
(9568, '2013-10-01 20:45:46', 2),
(9567, '2013-10-01 20:45:46', 2),
(9566, '2013-10-01 20:45:46', 2),
(9565, '2013-10-01 20:45:45', 2),
(9564, '2013-10-01 20:45:40', 2),
(9563, '2013-10-01 20:45:40', 2),
(9562, '2013-10-01 20:45:40', 2),
(9561, '2013-10-01 20:45:39', 2),
(9560, '2013-10-01 20:45:32', 2),
(9559, '2013-10-01 20:45:32', 2),
(9558, '2013-10-01 20:45:31', 2),
(9557, '2013-10-01 20:45:31', 2),
(9556, '2013-10-01 20:44:47', 2),
(9555, '2013-10-01 20:44:47', 2),
(9554, '2013-10-01 20:44:47', 2),
(9553, '2013-10-01 20:44:46', 2),
(9552, '2013-10-01 20:44:45', 2),
(9551, '2013-10-01 20:44:45', 2),
(9550, '2013-10-01 20:44:45', 2),
(9549, '2013-10-01 20:44:45', 2),
(9548, '2013-10-01 20:44:40', 2),
(9547, '2013-10-01 20:44:40', 2),
(9546, '2013-10-01 20:44:40', 2),
(9545, '2013-10-01 20:44:39', 2),
(9544, '2013-10-01 20:43:24', 2),
(9543, '2013-10-01 20:43:24', 2),
(9542, '2013-10-01 20:43:23', 2),
(9541, '2013-10-01 20:43:23', 2),
(9540, '2013-10-01 20:43:22', 2),
(9539, '2013-10-01 20:43:22', 2),
(9538, '2013-10-01 20:43:22', 2),
(9537, '2013-10-01 20:43:21', 2),
(9536, '2013-10-01 20:42:51', 2),
(9535, '2013-10-01 20:42:51', 2),
(9534, '2013-10-01 20:42:51', 2),
(9533, '2013-10-01 20:42:51', 2),
(9532, '2013-10-01 20:42:50', 2),
(9531, '2013-10-01 20:42:50', 2),
(9530, '2013-10-01 20:42:50', 2),
(9529, '2013-10-01 20:42:50', 2),
(9528, '2013-10-01 20:42:50', 2),
(9527, '2013-10-01 20:42:49', 2),
(9526, '2013-10-01 20:42:49', 2),
(9525, '2013-10-01 20:42:49', 2),
(9524, '2013-10-01 20:42:48', 2),
(9523, '2013-10-01 20:42:48', 2),
(9522, '2013-10-01 20:42:48', 2),
(9521, '2013-10-01 20:42:48', 2),
(9520, '2013-10-01 20:42:47', 2),
(9519, '2013-10-01 20:42:47', 2),
(9518, '2013-10-01 20:42:46', 2),
(9517, '2013-10-01 20:42:46', 2),
(9516, '2013-10-01 20:42:09', 2),
(9515, '2013-10-01 20:42:08', 2),
(9514, '2013-10-01 20:42:08', 2),
(9513, '2013-10-01 20:42:08', 2),
(9512, '2013-10-01 20:42:07', 2),
(9511, '2013-10-01 20:42:07', 2),
(9510, '2013-10-01 20:42:07', 2),
(9509, '2013-10-01 20:42:06', 2),
(9508, '2013-10-01 20:41:54', 2),
(9507, '2013-10-01 20:41:54', 2),
(9506, '2013-10-01 20:41:54', 2),
(9505, '2013-10-01 20:41:54', 2),
(9504, '2013-10-01 20:39:07', 2),
(9503, '2013-10-01 20:39:07', 2),
(9502, '2013-10-01 20:39:07', 2),
(9501, '2013-10-01 20:39:07', 2),
(9500, '2013-10-01 20:39:06', 2),
(9499, '2013-10-01 20:39:06', 2),
(9498, '2013-10-01 20:39:06', 2),
(9497, '2013-10-01 20:39:05', 2),
(9496, '2013-10-01 20:39:04', 2),
(9495, '2013-10-01 20:39:04', 2),
(9494, '2013-10-01 20:39:04', 2),
(9493, '2013-10-01 20:39:04', 2),
(9492, '2013-10-01 20:39:02', 2),
(9491, '2013-10-01 20:39:01', 2),
(9490, '2013-10-01 20:39:01', 2),
(9489, '2013-10-01 20:39:01', 2),
(9488, '2013-10-01 20:39:00', 2),
(9487, '2013-10-01 20:39:00', 2),
(9486, '2013-10-01 20:39:00', 2),
(9485, '2013-10-01 20:39:00', 2),
(9484, '2013-10-01 20:38:42', 2),
(9483, '2013-10-01 20:38:40', 2),
(9482, '2013-10-01 20:38:40', 2),
(9481, '2013-10-01 20:38:40', 2),
(9480, '2013-10-01 20:38:39', 2),
(9479, '2013-10-01 20:38:39', 2),
(9478, '2013-10-01 20:38:39', 2),
(9477, '2013-10-01 20:38:38', 2),
(9476, '2013-10-01 20:38:18', 2),
(9475, '2013-10-01 20:38:18', 2),
(9474, '2013-10-01 20:38:18', 2),
(9473, '2013-10-01 20:38:18', 2),
(9472, '2013-10-01 20:37:49', 2),
(9471, '2013-10-01 20:37:49', 2),
(9470, '2013-10-01 20:37:49', 2),
(9469, '2013-10-01 20:37:48', 2),
(9468, '2013-10-01 20:37:20', 2),
(9467, '2013-10-01 20:37:19', 2),
(9466, '2013-10-01 20:37:19', 2),
(9465, '2013-10-01 20:37:19', 2),
(9464, '2013-10-01 20:36:44', 2),
(9463, '2013-10-01 20:36:44', 2),
(9462, '2013-10-01 20:36:44', 2),
(9461, '2013-10-01 20:36:44', 2),
(9460, '2013-10-01 20:36:39', 2),
(9459, '2013-10-01 20:36:39', 2),
(9458, '2013-10-01 20:36:39', 2),
(9457, '2013-10-01 20:36:39', 2),
(9456, '2013-10-01 20:36:26', 2),
(9455, '2013-10-01 20:36:25', 2),
(9454, '2013-10-01 20:36:25', 2),
(9453, '2013-10-01 20:36:25', 2),
(9452, '2013-10-01 20:35:21', 2),
(9451, '2013-10-01 20:35:21', 2),
(9450, '2013-10-01 20:35:21', 2),
(9449, '2013-10-01 20:35:21', 2),
(9448, '2013-10-01 20:34:23', 2),
(9447, '2013-10-01 20:34:22', 2),
(9446, '2013-10-01 20:34:22', 2),
(9445, '2013-10-01 20:34:22', 2),
(9444, '2013-10-01 20:33:09', 2),
(9443, '2013-10-01 20:33:09', 2),
(9442, '2013-10-01 20:33:09', 2),
(9441, '2013-10-01 20:33:08', 2),
(9440, '2013-10-01 20:31:35', 2),
(9439, '2013-10-01 20:31:35', 2),
(9438, '2013-10-01 20:31:35', 2),
(9437, '2013-10-01 20:31:35', 2),
(9436, '2013-10-01 20:30:43', 2),
(9435, '2013-10-01 20:30:43', 2),
(9434, '2013-10-01 20:30:43', 2),
(9433, '2013-10-01 20:30:42', 2),
(9432, '2013-10-01 20:29:50', 2),
(9431, '2013-10-01 20:29:50', 2),
(9430, '2013-10-01 20:29:49', 2),
(9429, '2013-10-01 20:29:49', 2),
(9428, '2013-10-01 20:29:43', 2),
(9427, '2013-10-01 20:29:43', 2),
(9426, '2013-10-01 20:29:42', 2),
(9425, '2013-10-01 20:29:42', 2),
(9424, '2013-10-01 20:29:08', 2),
(9423, '2013-10-01 20:29:08', 2),
(9422, '2013-10-01 20:29:07', 2),
(9421, '2013-10-01 20:29:07', 2),
(9420, '2013-10-01 20:27:55', 2),
(9419, '2013-10-01 20:27:55', 2),
(9418, '2013-10-01 20:27:55', 2),
(9417, '2013-10-01 20:27:54', 2),
(9416, '2013-10-01 20:27:54', 1),
(9415, '2013-10-01 20:27:52', 1),
(9414, '2013-10-01 20:24:54', 2),
(9413, '2013-10-01 20:24:54', 2),
(9412, '2013-10-01 20:24:54', 2),
(9411, '2013-10-01 20:24:54', 2),
(9410, '2013-10-01 20:07:12', 2),
(9409, '2013-10-01 20:07:12', 2),
(9408, '2013-10-01 20:07:12', 2),
(9407, '2013-10-01 20:07:12', 2),
(9406, '2013-10-01 20:02:11', 2),
(9405, '2013-10-01 20:02:11', 2),
(9404, '2013-10-01 20:02:11', 2),
(9403, '2013-10-01 20:02:11', 2),
(9402, '2013-10-01 20:01:35', 2),
(9401, '2013-10-01 20:01:35', 2),
(9400, '2013-10-01 20:01:35', 2),
(9399, '2013-10-01 20:01:35', 2),
(9398, '2013-10-01 20:01:16', 2),
(9397, '2013-10-01 20:01:16', 2),
(9396, '2013-10-01 20:01:16', 2),
(9395, '2013-10-01 20:01:15', 2),
(9394, '2013-10-01 20:00:54', 2),
(9393, '2013-10-01 20:00:54', 2),
(9392, '2013-10-01 20:00:54', 2),
(9391, '2013-10-01 20:00:53', 2),
(9390, '2013-10-01 20:00:05', 2),
(9389, '2013-10-01 20:00:05', 2),
(9388, '2013-10-01 20:00:05', 2),
(9387, '2013-10-01 20:00:05', 2),
(9386, '2013-10-01 19:59:21', 2),
(9385, '2013-10-01 19:59:21', 2),
(9384, '2013-10-01 19:59:21', 2),
(9383, '2013-10-01 19:59:20', 2),
(9382, '2013-10-01 19:59:07', 2),
(9381, '2013-10-01 19:59:07', 2),
(9380, '2013-10-01 19:59:07', 2),
(9379, '2013-10-01 19:59:06', 2),
(9378, '2013-10-01 19:59:01', 2),
(9377, '2013-10-01 19:59:01', 2),
(9376, '2013-10-01 19:59:01', 2),
(9375, '2013-10-01 19:59:00', 2),
(9374, '2013-10-01 19:58:49', 2),
(9373, '2013-10-01 19:58:49', 2),
(9372, '2013-10-01 19:58:49', 2),
(9371, '2013-10-01 19:58:49', 2),
(9370, '2013-10-01 19:58:48', 2),
(9369, '2013-10-01 19:58:48', 2),
(9368, '2013-10-01 19:58:48', 2),
(9367, '2013-10-01 19:58:48', 2),
(9366, '2013-10-01 19:58:27', 2),
(9365, '2013-10-01 19:58:27', 2),
(9364, '2013-10-01 19:58:27', 2),
(9363, '2013-10-01 19:58:27', 2),
(9362, '2013-10-01 19:58:24', 2),
(9361, '2013-10-01 19:58:23', 2),
(9360, '2013-10-01 19:58:23', 2),
(9359, '2013-10-01 19:58:23', 2),
(9358, '2013-10-01 19:57:42', 2),
(9357, '2013-10-01 19:57:42', 2),
(9356, '2013-10-01 19:57:42', 2),
(9355, '2013-10-01 19:57:41', 2),
(9354, '2013-10-01 19:57:32', 2),
(9353, '2013-10-01 19:57:31', 2),
(9352, '2013-10-01 19:57:31', 2),
(9351, '2013-10-01 19:57:31', 2),
(9350, '2013-10-01 19:55:35', 1),
(9349, '2013-10-01 19:55:35', 1),
(9348, '2013-10-01 19:55:35', 1),
(9347, '2013-10-01 19:55:28', 2),
(9346, '2013-10-01 19:55:27', 2),
(9345, '2013-10-01 19:55:27', 2),
(9344, '2013-10-01 19:55:27', 2),
(9343, '2013-10-01 19:55:25', 2),
(9342, '2013-10-01 19:55:25', 2),
(9341, '2013-10-01 19:55:24', 2),
(9340, '2013-10-01 19:55:24', 2),
(9339, '2013-10-01 19:54:12', 2),
(9338, '2013-10-01 19:53:46', 2),
(9337, '2013-10-01 19:53:46', 2),
(9336, '2013-10-01 19:53:46', 2),
(9335, '2013-10-01 19:53:45', 2),
(9334, '2013-10-01 19:53:42', 2),
(9333, '2013-10-01 19:53:22', 2),
(9332, '2013-10-01 19:53:19', 2),
(9331, '2013-10-01 19:53:19', 2),
(9330, '2013-10-01 19:53:18', 2),
(9329, '2013-10-01 19:53:18', 2),
(9328, '2013-10-01 19:53:08', 2),
(9327, '2013-10-01 19:52:50', 2),
(9326, '2013-10-01 19:52:49', 2),
(9325, '2013-10-01 19:52:49', 2),
(9324, '2013-10-01 19:52:49', 2),
(9323, '2013-10-01 19:52:31', 2),
(9322, '2013-10-01 19:52:31', 2),
(9321, '2013-10-01 19:52:31', 2),
(9320, '2013-10-01 19:52:31', 2),
(9319, '2013-10-01 19:52:26', 2),
(9318, '2013-10-01 19:52:26', 2),
(9317, '2013-10-01 19:52:26', 2),
(9316, '2013-10-01 19:52:26', 2),
(9315, '2013-10-01 19:52:24', 2),
(9314, '2013-10-01 19:52:24', 2),
(9313, '2013-10-01 19:52:23', 2),
(9312, '2013-10-01 19:52:23', 2),
(9311, '2013-10-01 19:50:50', 2),
(9310, '2013-10-01 19:50:50', 2),
(9309, '2013-10-01 19:50:50', 2),
(9308, '2013-10-01 19:50:49', 2),
(9307, '2013-10-01 19:50:48', 2),
(9306, '2013-10-01 19:50:48', 2),
(9305, '2013-10-01 19:50:48', 2),
(9304, '2013-10-01 19:50:47', 2),
(9303, '2013-10-01 19:49:50', 2),
(9302, '2013-10-01 19:49:50', 2),
(9301, '2013-10-01 19:49:50', 2),
(9300, '2013-10-01 19:49:49', 2),
(9299, '2013-10-01 19:49:46', 2),
(9298, '2013-10-01 19:49:44', 2),
(9297, '2013-10-01 19:49:44', 2),
(9296, '2013-10-01 19:49:43', 2),
(9295, '2013-10-01 19:49:43', 2),
(9294, '2013-10-01 19:49:28', 2),
(9293, '2013-10-01 19:49:28', 2),
(9292, '2013-10-01 19:49:27', 2),
(9291, '2013-10-01 19:49:27', 2),
(9290, '2013-10-01 19:49:27', 2),
(9289, '2013-10-01 19:49:27', 2),
(9288, '2013-10-01 19:49:27', 2),
(9287, '2013-10-01 19:49:26', 2),
(9286, '2013-10-01 19:49:25', 2),
(9285, '2013-10-01 19:49:19', 2),
(9284, '2013-10-01 19:49:17', 2),
(9283, '2013-10-01 19:49:17', 2),
(9282, '2013-10-01 19:49:17', 2),
(9281, '2013-10-01 19:49:17', 2),
(9280, '2013-10-01 19:48:58', 2),
(9279, '2013-10-01 19:48:58', 2),
(9278, '2013-10-01 19:48:58', 2),
(9277, '2013-10-01 19:48:57', 2),
(9276, '2013-10-01 19:48:54', 2),
(9275, '2013-10-01 19:48:54', 2),
(9274, '2013-10-01 19:48:54', 2),
(9273, '2013-10-01 19:48:54', 2),
(9272, '2013-10-01 19:48:53', 2),
(9271, '2013-10-01 19:48:53', 2),
(9270, '2013-10-01 19:48:53', 2),
(9269, '2013-10-01 19:48:52', 2),
(9268, '2013-10-01 19:48:50', 2),
(9267, '2013-10-01 19:48:50', 2),
(9266, '2013-10-01 19:48:49', 2),
(9265, '2013-10-01 19:48:39', 2),
(9264, '2013-10-01 19:48:39', 2),
(9263, '2013-10-01 19:48:38', 2),
(9262, '2013-10-01 19:48:38', 2),
(9261, '2013-10-01 19:47:43', 2),
(9260, '2013-10-01 19:47:42', 2),
(9259, '2013-10-01 19:47:42', 2),
(9258, '2013-10-01 19:47:42', 2),
(9257, '2013-10-01 19:46:46', 2),
(9256, '2013-10-01 19:46:45', 2),
(9255, '2013-10-01 19:46:45', 2),
(9254, '2013-10-01 19:46:45', 2),
(9253, '2013-10-01 19:46:38', 2),
(9252, '2013-10-01 19:46:38', 2),
(9251, '2013-10-01 19:46:37', 2),
(9250, '2013-10-01 19:46:37', 2),
(9249, '2013-10-01 19:46:35', 2),
(9248, '2013-10-01 19:46:34', 2),
(9247, '2013-10-01 19:46:34', 2),
(9246, '2013-10-01 19:46:34', 2),
(9245, '2013-10-01 19:46:31', 2),
(9244, '2013-10-01 19:46:21', 2),
(9243, '2013-10-01 19:44:20', 2),
(9242, '2013-10-01 19:44:20', 2),
(9241, '2013-10-01 19:44:19', 2),
(9240, '2013-10-01 19:44:19', 2),
(9239, '2013-10-01 19:43:33', 2),
(9238, '2013-10-01 19:43:33', 2),
(9237, '2013-10-01 19:43:32', 2),
(9236, '2013-10-01 19:43:32', 2),
(9235, '2013-10-01 19:43:04', 2),
(9234, '2013-10-01 19:43:04', 2),
(9233, '2013-10-01 19:43:04', 2),
(9232, '2013-10-01 19:43:03', 2),
(9231, '2013-10-01 19:43:02', 1),
(9230, '2013-10-01 19:43:02', 1),
(9229, '2013-10-01 19:43:02', 1),
(9228, '2013-10-01 19:42:56', 1),
(9227, '2013-10-01 19:42:56', 1),
(9226, '2013-10-01 19:42:56', 1),
(9225, '2013-10-01 19:42:49', 2),
(9224, '2013-10-01 19:42:49', 2),
(9223, '2013-10-01 19:42:49', 2),
(9222, '2013-10-01 19:42:49', 2),
(9221, '2013-10-01 19:42:47', 1),
(9220, '2013-10-01 19:42:47', 1),
(9219, '2013-10-01 19:42:47', 1),
(9218, '2013-10-01 19:42:38', 2),
(9217, '2013-10-01 19:42:38', 2),
(9216, '2013-10-01 19:42:38', 2),
(9215, '2013-10-01 19:42:38', 2),
(9214, '2013-10-01 19:42:32', 2),
(9213, '2013-10-01 19:42:30', 2),
(9212, '2013-10-01 19:42:30', 2),
(9211, '2013-10-01 19:42:30', 2),
(9210, '2013-10-01 19:42:30', 2),
(9209, '2013-10-01 19:42:30', 2),
(9208, '2013-10-01 19:42:29', 2),
(9207, '2013-10-01 19:42:29', 2),
(9206, '2013-10-01 19:42:28', 2),
(9205, '2013-10-01 19:42:22', 2),
(9204, '2013-10-01 19:42:22', 2),
(9203, '2013-10-01 19:42:22', 2),
(9202, '2013-10-01 19:42:22', 2),
(9201, '2013-10-01 19:42:22', 2),
(9200, '2013-10-01 19:42:22', 2),
(9199, '2013-10-01 19:42:22', 2),
(9198, '2013-10-01 19:40:53', 1),
(9197, '2013-10-01 19:40:53', 1),
(9196, '2013-10-01 19:40:53', 1),
(9195, '2013-10-01 19:40:51', 1),
(9194, '2013-10-01 19:40:51', 1),
(9193, '2013-10-01 19:40:51', 1),
(9192, '2013-10-01 19:40:47', 2),
(9191, '2013-10-01 19:40:47', 1),
(9190, '2013-10-01 19:40:41', 2),
(9189, '2013-10-01 19:40:40', 1),
(9188, '2013-10-01 19:40:40', 2),
(9187, '2013-10-01 19:40:40', 1),
(9186, '2013-10-01 19:40:39', 2),
(9185, '2013-10-01 19:40:38', 1),
(9184, '2013-10-01 19:40:34', 2),
(9183, '2013-10-01 19:40:34', 1),
(9182, '2013-10-01 19:40:32', 2),
(9181, '2013-10-01 19:40:32', 1),
(9180, '2013-10-01 19:40:31', 2),
(9179, '2013-10-01 19:40:31', 1),
(9178, '2013-10-01 19:40:31', 2),
(9177, '2013-10-01 19:40:31', 1),
(9176, '2013-10-01 19:40:30', 2),
(9175, '2013-10-01 19:40:30', 1),
(9174, '2013-10-01 19:40:29', 2),
(9173, '2013-10-01 19:40:29', 1),
(9172, '2013-10-01 19:40:29', 2),
(9171, '2013-10-01 19:40:29', 1),
(9170, '2013-10-01 19:40:28', 2),
(9169, '2013-10-01 19:40:28', 1),
(9168, '2013-10-01 19:40:27', 2),
(9167, '2013-10-01 19:40:27', 2),
(9166, '2013-10-01 19:40:27', 2),
(9165, '2013-10-01 19:40:27', 1),
(9164, '2013-10-01 19:40:21', 2),
(9163, '2013-10-01 19:40:20', 1),
(9162, '2013-10-01 19:40:20', 2),
(9161, '2013-10-01 19:40:20', 1),
(9160, '2013-10-01 19:40:19', 2),
(9159, '2013-10-01 19:40:19', 1),
(9158, '2013-10-01 19:40:18', 2),
(9157, '2013-10-01 19:40:18', 1),
(9156, '2013-10-01 19:40:18', 2),
(9155, '2013-10-01 19:40:18', 1),
(9154, '2013-10-01 19:40:17', 2),
(9153, '2013-10-01 19:40:17', 1),
(9152, '2013-10-01 19:40:16', 2),
(9151, '2013-10-01 19:40:15', 1),
(9150, '2013-10-01 19:40:13', 2),
(9149, '2013-10-01 19:40:13', 1),
(9148, '2013-10-01 19:40:12', 2),
(9147, '2013-10-01 19:40:12', 1),
(9146, '2013-10-01 19:40:11', 2),
(9145, '2013-10-01 19:40:11', 1),
(9144, '2013-10-01 19:40:10', 2),
(9143, '2013-10-01 19:40:10', 1),
(9142, '2013-10-01 19:40:10', 2),
(9141, '2013-10-01 19:40:09', 1),
(9140, '2013-10-01 19:40:09', 2),
(9139, '2013-10-01 19:40:05', 2),
(9138, '2013-10-01 19:40:05', 1),
(9137, '2013-10-01 19:40:04', 2),
(9136, '2013-10-01 19:40:04', 1),
(9135, '2013-10-01 19:40:03', 2),
(9134, '2013-10-01 19:40:03', 1),
(9133, '2013-10-01 19:40:01', 2),
(9132, '2013-10-01 19:40:01', 1),
(9131, '2013-10-01 19:39:23', 2),
(9130, '2013-10-01 19:39:23', 2),
(9129, '2013-10-01 19:39:22', 2),
(9128, '2013-10-01 19:39:22', 2),
(9127, '2013-10-01 19:39:12', 2),
(9126, '2013-10-01 19:39:12', 2),
(9125, '2013-10-01 19:39:12', 2),
(9124, '2013-10-01 19:39:12', 2),
(9123, '2013-10-01 19:39:06', 2),
(9122, '2013-10-01 19:39:06', 2),
(9121, '2013-10-01 19:39:06', 2),
(9120, '2013-10-01 19:39:06', 2),
(9119, '2013-10-01 19:38:52', 2),
(9118, '2013-10-01 19:38:52', 2),
(9117, '2013-10-01 19:38:52', 2),
(9116, '2013-10-01 19:38:51', 2),
(9115, '2013-10-01 19:38:23', 2),
(9114, '2013-10-01 19:38:23', 2),
(9113, '2013-10-01 19:38:23', 2),
(9112, '2013-10-01 19:38:23', 2),
(9111, '2013-10-01 19:38:13', 2),
(9110, '2013-10-01 19:38:13', 2),
(9109, '2013-10-01 19:38:13', 2),
(9108, '2013-10-01 19:38:12', 2),
(9107, '2013-10-01 19:34:55', 2),
(9106, '2013-10-01 19:34:55', 2),
(9105, '2013-10-01 19:34:55', 2),
(9104, '2013-10-01 19:34:54', 2),
(9103, '2013-10-01 19:34:03', 2),
(9102, '2013-10-01 19:34:02', 2),
(9101, '2013-10-01 19:34:02', 2),
(9100, '2013-10-01 19:34:02', 2),
(9099, '2013-10-01 19:34:01', 2),
(9098, '2013-10-01 19:34:01', 2),
(9097, '2013-10-01 19:34:01', 2),
(9096, '2013-10-01 19:34:01', 2),
(9095, '2013-10-01 19:34:00', 2),
(9094, '2013-10-01 19:33:59', 2),
(9093, '2013-10-01 19:33:59', 2),
(9092, '2013-10-01 19:33:59', 2),
(9091, '2013-10-01 19:33:59', 2),
(9090, '2013-10-01 19:33:57', 2),
(9089, '2013-10-01 19:33:56', 2),
(9088, '2013-10-01 19:33:56', 2),
(9087, '2013-10-01 19:33:56', 2),
(9086, '2013-10-01 19:33:55', 2),
(9085, '2013-10-01 19:33:55', 2),
(9084, '2013-10-01 19:33:55', 2),
(9083, '2013-10-01 19:33:55', 2),
(9082, '2013-10-01 19:33:54', 2),
(9081, '2013-10-01 19:33:54', 2),
(9080, '2013-10-01 19:33:54', 2),
(9079, '2013-10-01 19:33:54', 2),
(9078, '2013-10-01 19:33:47', 2),
(9077, '2013-10-01 19:33:47', 2),
(9076, '2013-10-01 19:33:47', 2),
(9075, '2013-10-01 19:33:47', 2),
(9074, '2013-10-01 19:33:46', 2),
(9073, '2013-10-01 19:33:46', 2),
(9072, '2013-10-01 19:33:46', 2),
(9071, '2013-10-01 19:33:46', 2),
(9070, '2013-10-01 19:33:44', 2),
(9069, '2013-10-01 19:33:44', 2),
(9068, '2013-10-01 19:33:44', 2),
(9067, '2013-10-01 19:33:44', 2),
(9066, '2013-10-01 19:33:42', 2),
(9065, '2013-10-01 19:33:41', 2),
(9064, '2013-10-01 19:33:41', 2),
(9063, '2013-10-01 19:33:41', 2),
(9062, '2013-10-01 19:33:40', 2),
(9061, '2013-10-01 19:33:40', 2),
(9060, '2013-10-01 19:33:40', 2),
(9059, '2013-10-01 19:33:40', 2),
(9058, '2013-10-01 19:33:38', 2),
(9057, '2013-10-01 19:33:38', 2),
(9056, '2013-10-01 19:33:38', 2),
(9055, '2013-10-01 19:33:38', 2),
(9054, '2013-10-01 19:33:37', 2),
(9053, '2013-10-01 19:33:37', 2),
(9052, '2013-10-01 19:33:37', 2),
(9051, '2013-10-01 19:33:37', 2),
(9050, '2013-10-01 19:33:36', 2),
(9049, '2013-10-01 19:33:36', 2),
(9048, '2013-10-01 19:33:36', 2),
(9047, '2013-10-01 19:33:36', 2),
(9046, '2013-10-01 19:33:36', 2),
(9045, '2013-10-01 19:33:36', 2),
(9044, '2013-10-01 19:33:35', 2),
(9043, '2013-10-01 19:33:35', 2),
(9042, '2013-10-01 19:33:35', 2),
(9041, '2013-10-01 19:33:35', 2),
(9040, '2013-10-01 19:33:34', 2),
(9039, '2013-10-01 19:33:34', 2),
(9038, '2013-10-01 19:33:34', 2),
(9037, '2013-10-01 19:33:34', 2),
(9036, '2013-10-01 19:33:34', 2),
(9035, '2013-10-01 19:33:31', 2),
(9034, '2013-10-01 19:33:31', 2),
(9033, '2013-10-01 19:33:31', 2),
(9032, '2013-10-01 19:33:30', 2),
(9031, '2013-10-01 19:33:29', 2),
(9030, '2013-10-01 19:33:29', 2),
(9029, '2013-10-01 19:33:29', 2),
(9028, '2013-10-01 19:33:29', 2),
(9027, '2013-10-01 19:33:27', 2),
(9026, '2013-10-01 19:33:26', 2),
(9025, '2013-10-01 19:33:26', 2),
(9024, '2013-10-01 19:33:26', 2),
(9023, '2013-10-01 19:33:24', 2),
(9022, '2013-10-01 19:33:24', 2),
(9021, '2013-10-01 19:33:24', 2),
(9020, '2013-10-01 19:33:23', 2),
(9019, '2013-10-01 19:33:08', 2),
(9018, '2013-10-01 19:32:45', 2),
(9017, '2013-10-01 19:30:57', 2),
(9016, '2013-10-01 19:30:55', 2),
(9015, '2013-10-01 19:30:55', 2),
(9014, '2013-10-01 19:30:55', 2),
(9013, '2013-10-01 19:30:55', 2),
(9012, '2013-10-01 19:30:54', 2),
(9011, '2013-10-01 19:30:54', 2),
(9010, '2013-10-01 19:30:54', 2),
(9009, '2013-10-01 19:30:54', 2),
(9008, '2013-10-01 19:30:52', 2),
(9007, '2013-10-01 19:30:52', 2),
(9006, '2013-10-01 19:30:52', 2),
(9005, '2013-10-01 19:30:52', 2),
(9004, '2013-10-01 19:30:51', 2),
(9003, '2013-10-01 19:30:51', 2),
(9002, '2013-10-01 19:30:51', 2),
(9001, '2013-10-01 19:30:51', 2),
(9000, '2013-10-01 19:30:48', 2),
(8999, '2013-10-01 19:30:47', 2),
(8998, '2013-10-01 19:30:46', 2),
(8997, '2013-10-01 19:30:46', 2),
(8996, '2013-10-01 19:30:46', 2),
(8995, '2013-10-01 19:30:44', 2),
(8994, '2013-10-01 19:30:44', 2),
(8993, '2013-10-01 19:30:44', 2),
(8992, '2013-10-01 19:30:35', 2),
(8991, '2013-10-01 19:30:35', 2),
(8990, '2013-10-01 19:30:21', 2),
(8989, '2013-10-01 19:30:21', 2),
(8988, '2013-10-01 19:30:20', 2),
(8987, '2013-10-01 19:30:18', 2),
(8986, '2013-10-01 19:30:18', 2),
(8985, '2013-10-01 19:30:17', 2),
(8984, '2013-10-01 19:30:17', 2),
(8983, '2013-10-01 19:30:17', 2),
(8982, '2013-10-01 19:30:17', 2),
(8981, '2013-10-01 19:29:45', 2),
(8980, '2013-10-01 19:29:45', 2),
(8979, '2013-10-01 19:29:45', 2),
(8978, '2013-10-01 19:29:45', 2),
(8977, '2013-10-01 19:29:13', 2),
(8976, '2013-10-01 19:29:13', 2),
(8975, '2013-10-01 19:29:13', 2),
(8974, '2013-10-01 19:29:12', 2),
(8973, '2013-10-01 19:28:50', 2),
(8972, '2013-10-01 19:28:50', 2),
(8971, '2013-10-01 19:28:50', 2),
(8970, '2013-10-01 19:28:49', 2),
(8969, '2013-10-01 19:28:33', 2),
(8968, '2013-10-01 19:28:33', 2),
(8967, '2013-10-01 19:28:33', 2),
(8966, '2013-10-01 19:28:33', 2),
(8965, '2013-10-01 19:28:21', 2),
(8964, '2013-10-01 19:28:21', 2),
(8963, '2013-10-01 19:28:21', 2),
(8962, '2013-10-01 19:28:21', 2),
(8961, '2013-10-01 19:28:14', 2),
(8960, '2013-10-01 19:28:14', 2),
(8959, '2013-10-01 19:28:14', 2),
(8958, '2013-10-01 19:28:13', 2),
(8957, '2013-10-01 19:28:09', 2),
(8956, '2013-10-01 19:28:09', 2),
(8955, '2013-10-01 19:28:09', 2),
(8954, '2013-10-01 19:28:09', 2),
(8953, '2013-10-01 19:27:59', 2),
(8952, '2013-10-01 19:27:59', 2),
(8951, '2013-10-01 19:27:59', 2),
(8950, '2013-10-01 19:27:59', 2),
(8949, '2013-10-01 19:27:50', 2),
(8948, '2013-10-01 19:27:35', 2),
(8947, '2013-10-01 19:27:22', 2),
(8946, '2013-10-01 19:27:02', 2),
(8945, '2013-10-01 19:27:02', 2),
(8944, '2013-10-01 19:27:02', 2),
(8943, '2013-10-01 19:27:02', 2),
(8942, '2013-10-01 19:27:02', 2),
(8941, '2013-10-01 19:27:02', 2),
(8940, '2013-10-01 19:27:01', 2),
(8939, '2013-10-01 19:27:01', 2),
(8938, '2013-10-01 19:27:01', 2),
(8937, '2013-10-01 19:26:59', 2),
(8936, '2013-10-01 19:26:59', 2),
(8935, '2013-10-01 19:26:57', 2),
(8934, '2013-10-01 19:26:57', 2),
(8933, '2013-10-01 19:24:22', 2),
(8932, '2013-10-01 19:24:22', 2),
(8931, '2013-10-01 19:24:21', 2),
(8930, '2013-10-01 19:24:21', 2),
(8929, '2013-10-01 19:24:21', 2),
(8928, '2013-10-01 19:24:21', 2),
(8927, '2013-10-01 19:24:20', 2),
(8926, '2013-10-01 19:24:20', 2),
(8925, '2013-10-01 19:24:20', 2),
(8924, '2013-10-01 19:24:20', 2),
(8923, '2013-10-01 19:24:19', 2),
(8922, '2013-10-01 19:24:19', 2),
(8921, '2013-10-01 19:24:18', 2),
(8920, '2013-10-01 19:24:18', 2),
(8919, '2013-10-01 19:24:17', 2),
(8918, '2013-10-01 19:24:16', 2),
(8917, '2013-10-01 19:24:16', 2),
(8916, '2013-10-01 19:24:16', 2),
(8915, '2013-10-01 19:24:15', 2),
(8914, '2013-10-01 19:24:15', 2),
(8913, '2013-10-01 19:24:15', 2),
(8912, '2013-10-01 19:24:15', 2),
(8911, '2013-10-01 19:24:14', 2),
(8910, '2013-10-01 19:24:14', 2),
(8909, '2013-10-01 19:24:13', 2),
(8908, '2013-10-01 19:24:13', 2),
(8907, '2013-10-01 19:24:12', 2),
(8906, '2013-10-01 19:24:12', 2),
(8905, '2013-10-01 19:24:12', 2),
(8904, '2013-10-01 19:24:12', 2),
(8903, '2013-10-01 19:24:11', 2),
(8902, '2013-10-01 19:24:10', 2),
(8901, '2013-10-01 19:24:10', 2),
(8900, '2013-10-01 19:24:10', 2),
(8899, '2013-10-01 19:23:35', 2),
(8898, '2013-10-01 19:23:34', 2),
(8897, '2013-10-01 19:23:34', 2),
(8896, '2013-10-01 19:23:34', 2),
(8895, '2013-10-01 19:23:32', 2),
(8894, '2013-10-01 19:23:32', 2),
(8893, '2013-10-01 19:23:32', 2),
(8892, '2013-10-01 19:23:32', 2),
(8891, '2013-10-01 19:23:30', 2),
(8890, '2013-10-01 19:23:29', 2),
(8889, '2013-10-01 19:23:29', 2),
(8888, '2013-10-01 19:23:29', 2),
(8887, '2013-10-01 19:23:24', 2),
(8886, '2013-10-01 19:23:23', 2),
(8885, '2013-10-01 19:23:23', 2),
(8884, '2013-10-01 19:23:23', 2),
(8883, '2013-10-01 19:23:22', 2),
(8882, '2013-10-01 19:23:22', 2),
(8881, '2013-10-01 19:23:21', 2),
(8880, '2013-10-01 19:23:21', 2),
(8879, '2013-10-01 19:23:15', 2),
(8878, '2013-10-01 19:23:15', 2),
(8877, '2013-10-01 19:23:15', 2),
(8876, '2013-10-01 19:23:15', 2),
(8875, '2013-10-01 19:23:14', 2),
(8874, '2013-10-01 19:23:13', 2),
(8873, '2013-10-01 19:23:13', 2),
(8872, '2013-10-01 19:23:13', 2),
(8871, '2013-10-01 19:21:59', 2),
(8870, '2013-10-01 19:21:59', 2),
(8869, '2013-10-01 19:21:59', 2),
(8868, '2013-10-01 19:21:59', 2),
(8867, '2013-10-01 19:21:12', 2),
(8866, '2013-10-01 19:21:12', 2),
(8865, '2013-10-01 19:21:12', 2),
(8864, '2013-10-01 19:21:12', 2),
(8863, '2013-10-01 19:21:03', 2),
(8862, '2013-10-01 19:21:02', 2),
(8861, '2013-10-01 19:21:02', 2),
(8860, '2013-10-01 19:21:02', 2),
(8859, '2013-10-01 19:21:01', 2),
(8858, '2013-10-01 19:21:01', 2),
(8857, '2013-10-01 19:21:01', 2),
(8856, '2013-10-01 19:21:00', 2),
(8855, '2013-10-01 19:21:00', 2),
(8854, '2013-10-01 19:20:59', 2),
(8853, '2013-10-01 19:20:59', 2),
(8852, '2013-10-01 19:20:59', 2),
(8851, '2013-10-01 19:20:58', 2),
(8850, '2013-10-01 19:20:58', 2),
(8849, '2013-10-01 19:20:58', 2),
(8848, '2013-10-01 19:20:53', 2),
(8847, '2013-10-01 19:20:53', 2),
(8846, '2013-10-01 19:20:52', 2),
(8845, '2013-10-01 19:19:48', 2),
(8844, '2013-10-01 19:19:48', 2),
(8843, '2013-10-01 19:19:47', 2),
(8842, '2013-10-01 19:19:46', 2),
(8841, '2013-10-01 19:19:02', 2),
(8840, '2013-10-01 19:18:36', 2),
(8839, '2013-10-01 19:18:35', 2),
(8838, '2013-10-01 19:18:35', 2),
(8837, '2013-10-01 19:18:29', 2),
(8836, '2013-10-01 19:18:22', 2),
(8835, '2013-10-01 19:18:20', 2),
(8834, '2013-10-01 19:18:12', 2),
(8833, '2013-10-01 19:18:05', 2),
(8832, '2013-10-01 19:18:03', 2),
(8831, '2013-10-01 19:17:43', 2),
(8830, '2013-10-01 19:17:43', 2),
(8829, '2013-10-01 19:17:42', 2),
(8828, '2013-10-01 19:17:42', 2),
(8827, '2013-10-01 19:17:41', 2),
(8826, '2013-10-01 19:17:40', 1),
(8825, '2013-10-01 19:17:40', 1),
(8824, '2013-10-01 18:35:51', 1),
(8823, '2013-10-01 18:35:51', 1),
(8822, '2013-10-01 18:35:51', 1),
(8821, '2013-10-01 18:35:50', 1),
(8820, '2013-10-01 18:35:50', 1),
(8819, '2013-10-01 18:35:50', 1),
(8818, '2013-10-01 18:35:46', 2),
(8817, '2013-10-01 18:35:46', 1),
(8816, '2013-10-01 18:35:42', 2),
(8815, '2013-10-01 18:35:41', 1),
(8814, '2013-10-01 18:35:40', 2),
(8813, '2013-10-01 18:35:40', 1),
(8812, '2013-10-01 18:35:40', 2),
(8811, '2013-10-01 18:35:39', 1),
(8810, '2013-10-01 18:35:38', 2),
(8809, '2013-10-01 18:35:38', 1),
(8808, '2013-10-01 18:35:38', 2),
(8807, '2013-10-01 18:35:37', 1),
(8806, '2013-10-01 18:35:37', 2),
(8805, '2013-10-01 18:35:36', 1),
(8804, '2013-10-01 18:35:36', 2),
(8803, '2013-10-01 18:35:36', 1),
(8802, '2013-10-01 18:35:35', 2),
(8801, '2013-10-01 18:35:35', 1),
(8800, '2013-10-01 18:35:34', 2),
(8799, '2013-10-01 18:35:34', 1),
(8798, '2013-10-01 18:35:33', 2),
(8797, '2013-10-01 18:35:32', 1),
(8796, '2013-10-01 18:35:29', 2),
(8795, '2013-10-01 18:35:28', 1),
(8794, '2013-10-01 18:35:28', 2),
(8793, '2013-10-01 18:35:27', 1),
(8792, '2013-10-01 18:35:26', 2),
(8791, '2013-10-01 18:35:25', 1),
(8790, '2013-10-01 18:31:51', 2),
(8789, '2013-10-01 18:31:50', 2),
(8788, '2013-10-01 18:31:50', 2),
(8787, '2013-10-01 18:31:50', 1),
(8786, '2013-10-01 18:31:42', 2),
(8785, '2013-10-01 18:31:36', 2),
(8784, '2013-10-01 18:31:10', 2),
(8783, '2013-10-01 18:31:10', 2),
(8782, '2013-10-01 18:31:09', 2),
(8781, '2013-10-01 14:47:45', 2),
(8780, '2013-10-01 14:47:45', 2),
(8779, '2013-10-01 14:47:45', 2),
(8778, '2013-10-01 14:45:47', 2),
(8777, '2013-10-01 14:45:46', 2),
(8776, '2013-10-01 14:45:46', 2),
(8775, '2013-10-01 14:42:36', 2),
(8774, '2013-10-01 14:42:36', 2),
(8773, '2013-10-01 14:42:35', 2),
(8772, '2013-10-01 14:42:09', 2),
(8771, '2013-10-01 14:42:09', 2),
(8770, '2013-10-01 14:42:09', 2),
(8769, '2013-10-01 14:41:20', 2),
(8768, '2013-10-01 14:41:20', 2),
(8767, '2013-10-01 14:41:19', 2),
(8766, '2013-10-01 14:40:10', 2),
(8765, '2013-10-01 14:40:10', 2),
(8764, '2013-10-01 14:40:10', 2),
(8763, '2013-10-01 14:40:09', 2),
(8762, '2013-10-01 14:40:09', 2),
(8761, '2013-10-01 14:40:08', 2),
(8760, '2013-10-01 14:40:08', 2),
(8759, '2013-10-01 14:40:07', 2),
(8758, '2013-10-01 14:40:07', 2),
(8757, '2013-10-01 14:40:07', 2),
(8756, '2013-10-01 14:40:06', 2),
(8755, '2013-10-01 14:40:04', 2),
(8754, '2013-10-01 14:40:03', 2),
(8753, '2013-10-01 14:40:03', 2),
(8752, '2013-10-01 14:40:03', 2),
(8751, '2013-10-01 14:39:06', 1),
(8750, '2013-10-01 14:39:05', 1),
(8749, '2013-10-01 14:38:24', 1),
(8748, '2013-10-01 14:38:24', 1),
(8747, '2013-10-01 14:38:16', 1),
(8746, '2013-10-01 14:38:15', 1),
(8745, '2013-10-01 14:38:13', 1),
(8744, '2013-10-01 14:38:12', 1),
(8743, '2013-10-01 14:38:11', 1),
(8742, '2013-10-01 14:38:11', 1),
(8741, '2013-10-01 14:37:37', 1),
(8740, '2013-10-01 14:37:36', 1),
(8739, '2013-10-01 14:36:55', 1),
(8738, '2013-10-01 14:36:55', 1),
(8737, '2013-10-01 14:36:25', 1),
(8736, '2013-10-01 14:36:25', 1),
(8735, '2013-10-01 14:36:25', 1),
(8734, '2013-10-01 14:36:24', 1),
(8733, '2013-10-01 14:36:24', 1),
(8732, '2013-10-01 14:36:24', 1),
(8731, '2013-10-01 14:36:22', 1),
(8730, '2013-10-01 14:36:22', 1),
(8729, '2013-10-01 14:36:22', 1),
(8728, '2013-10-01 14:35:41', 1),
(8727, '2013-10-01 14:35:41', 1),
(8726, '2013-10-01 14:35:41', 1),
(8725, '2013-10-01 14:35:41', 1),
(8724, '2013-10-01 14:35:41', 1),
(8723, '2013-10-01 14:35:40', 1),
(8722, '2013-10-01 14:35:40', 1),
(8721, '2013-10-01 14:35:40', 1),
(8720, '2013-10-01 14:35:40', 1),
(8719, '2013-10-01 14:35:40', 1),
(8718, '2013-10-01 14:35:39', 1),
(8717, '2013-10-01 14:35:39', 1),
(8716, '2013-10-01 14:35:39', 1),
(8715, '2013-10-01 14:35:39', 1),
(8714, '2013-10-01 14:35:39', 1),
(8713, '2013-10-01 14:35:39', 1),
(8712, '2013-10-01 14:35:39', 1),
(8711, '2013-10-01 14:35:39', 1),
(8710, '2013-10-01 14:35:39', 1),
(8709, '2013-10-01 14:35:39', 1),
(8708, '2013-10-01 14:35:38', 1),
(8707, '2013-10-01 14:35:38', 1),
(8706, '2013-10-01 14:35:38', 1),
(8705, '2013-10-01 14:35:38', 1),
(8704, '2013-10-01 14:35:38', 1),
(8703, '2013-10-01 14:35:38', 1),
(8702, '2013-10-01 14:35:38', 1),
(8701, '2013-10-01 14:35:38', 1),
(8700, '2013-10-01 14:35:38', 1),
(8699, '2013-10-01 14:35:37', 1),
(8698, '2013-10-01 14:35:37', 1),
(8697, '2013-10-01 14:35:37', 1),
(8696, '2013-10-01 14:35:37', 1),
(8695, '2013-10-01 14:35:37', 1),
(8694, '2013-10-01 14:35:37', 1),
(8693, '2013-10-01 14:35:37', 1),
(8692, '2013-10-01 14:35:37', 1),
(8691, '2013-10-01 14:35:36', 1),
(8690, '2013-10-01 14:35:36', 1),
(8689, '2013-10-01 14:35:36', 1),
(8688, '2013-10-01 14:35:36', 1),
(8687, '2013-10-01 14:35:36', 1),
(8686, '2013-10-01 14:35:36', 1),
(8685, '2013-10-01 14:35:36', 1),
(8684, '2013-10-01 14:35:36', 1),
(8683, '2013-10-01 14:35:35', 1),
(8682, '2013-10-01 14:35:35', 1),
(8681, '2013-10-01 14:35:35', 1),
(8680, '2013-10-01 14:35:35', 1),
(8679, '2013-10-01 14:35:35', 1),
(8678, '2013-10-01 14:35:35', 1),
(8677, '2013-10-01 14:35:34', 1),
(8676, '2013-10-01 14:35:34', 1),
(8675, '2013-10-01 14:35:34', 1),
(8674, '2013-10-01 14:35:34', 1),
(8673, '2013-10-01 14:35:33', 1),
(8672, '2013-10-01 14:35:33', 1),
(8671, '2013-10-01 14:35:33', 1),
(8670, '2013-10-01 14:35:24', 1),
(8669, '2013-10-01 14:35:24', 1),
(8668, '2013-10-01 14:35:23', 1),
(8667, '2013-10-01 14:35:23', 1),
(8666, '2013-10-01 14:35:23', 1),
(8665, '2013-10-01 14:35:23', 1),
(8664, '2013-10-01 14:35:22', 1),
(8663, '2013-10-01 14:35:22', 1),
(8662, '2013-10-01 14:35:22', 1),
(8661, '2013-10-01 14:35:21', 1),
(8660, '2013-10-01 14:35:21', 1),
(8659, '2013-10-01 14:35:21', 1),
(8658, '2013-10-01 14:35:21', 1),
(8657, '2013-10-01 14:35:21', 1),
(8656, '2013-10-01 14:35:20', 1),
(8655, '2013-10-01 14:35:20', 1),
(8654, '2013-10-01 14:35:20', 1),
(8653, '2013-10-01 14:35:20', 1),
(8652, '2013-10-01 14:35:19', 1),
(8651, '2013-10-01 14:35:19', 1),
(8650, '2013-10-01 14:35:19', 1),
(8649, '2013-10-01 14:35:18', 1),
(8648, '2013-10-01 14:35:18', 1),
(8647, '2013-10-01 14:35:18', 1),
(8646, '2013-10-01 14:35:18', 1),
(8645, '2013-10-01 14:35:18', 1),
(8644, '2013-10-01 14:35:17', 1),
(8643, '2013-10-01 14:35:17', 1),
(8642, '2013-10-01 14:35:17', 1),
(8641, '2013-10-01 14:35:17', 1),
(8640, '2013-10-01 14:35:16', 1),
(8639, '2013-10-01 14:35:16', 1),
(8638, '2013-10-01 14:35:16', 1),
(8637, '2013-10-01 14:35:16', 1),
(8636, '2013-10-01 14:35:16', 1),
(8635, '2013-10-01 14:35:16', 1),
(8634, '2013-10-01 14:35:15', 1),
(8633, '2013-10-01 14:35:15', 1),
(8632, '2013-10-01 14:35:15', 1),
(8631, '2013-10-01 14:35:15', 1),
(8630, '2013-10-01 14:35:15', 1),
(8629, '2013-10-01 14:35:14', 1),
(8628, '2013-10-01 14:35:14', 1),
(8627, '2013-10-01 14:35:14', 1),
(8626, '2013-10-01 14:35:14', 1),
(8625, '2013-10-01 14:35:14', 1),
(8624, '2013-10-01 14:35:14', 1),
(8623, '2013-10-01 14:35:13', 1),
(8622, '2013-10-01 14:35:13', 1),
(8621, '2013-10-01 14:35:13', 1),
(8620, '2013-10-01 14:35:13', 1),
(8619, '2013-10-01 14:35:12', 1),
(8618, '2013-10-01 14:35:12', 1),
(8617, '2013-10-01 14:35:12', 1),
(8616, '2013-10-01 14:35:10', 1),
(8615, '2013-10-01 14:35:10', 1),
(8614, '2013-10-01 14:34:53', 1),
(8613, '2013-10-01 14:34:52', 1),
(8612, '2013-10-01 14:34:48', 1),
(8611, '2013-10-01 14:34:47', 1),
(8610, '2013-10-01 14:34:27', 1),
(8609, '2013-10-01 14:34:26', 1),
(8608, '2013-10-01 14:33:59', 1),
(8607, '2013-10-01 14:33:58', 1),
(8606, '2013-10-01 14:33:47', 1),
(8605, '2013-10-01 14:33:47', 1),
(8604, '2013-10-01 14:33:36', 1),
(8603, '2013-10-01 14:33:36', 1),
(8602, '2013-10-01 14:33:26', 1),
(8601, '2013-10-01 14:33:25', 1),
(8600, '2013-10-01 14:33:20', 1),
(8599, '2013-10-01 14:33:19', 1),
(8598, '2013-10-01 14:32:00', 1),
(8597, '2013-10-01 14:31:59', 1),
(8596, '2013-10-01 14:30:31', 1),
(8595, '2013-10-01 14:30:31', 1),
(8594, '2013-10-01 14:30:30', 1),
(8593, '2013-10-01 14:30:30', 1),
(8592, '2013-10-01 14:30:03', 2),
(8591, '2013-10-01 14:30:02', 1),
(8590, '2013-10-01 14:29:33', 2),
(8589, '2013-10-01 14:29:32', 1),
(8588, '2013-10-01 14:29:15', 2),
(8587, '2013-10-01 14:29:14', 1),
(8586, '2013-10-01 14:29:00', 2),
(8585, '2013-10-01 14:28:58', 1),
(8584, '2013-10-01 14:24:01', 2),
(8583, '2013-10-01 14:24:00', 1),
(8582, '2013-10-01 14:22:39', 2),
(8581, '2013-10-01 14:22:38', 1),
(8580, '2013-10-01 14:22:32', 2),
(8579, '2013-10-01 14:22:31', 1),
(8578, '2013-10-01 14:22:31', 1),
(8577, '2013-10-01 14:22:04', 1),
(8576, '2013-10-01 14:22:04', 1),
(8575, '2013-10-01 14:22:04', 1),
(8574, '2013-10-01 14:22:02', 1),
(8573, '2013-10-01 14:22:02', 1),
(8572, '2013-10-01 14:22:02', 1),
(8571, '2013-10-01 14:22:01', 1),
(8570, '2013-10-01 14:22:01', 1),
(8569, '2013-10-01 14:22:01', 1),
(8568, '2013-10-01 14:22:00', 2),
(8567, '2013-10-01 14:21:59', 1),
(8566, '2013-10-01 14:21:19', 2),
(8565, '2013-10-01 14:21:18', 1),
(8564, '2013-10-01 14:21:18', 1),
(8563, '2013-10-01 14:21:14', 1),
(8562, '2013-10-01 14:21:14', 1),
(8561, '2013-10-01 14:21:14', 1),
(8560, '2013-10-01 14:21:11', 2),
(8559, '2013-10-01 14:21:10', 2),
(8558, '2013-10-01 14:21:09', 2),
(8557, '2013-10-01 14:21:08', 2),
(8556, '2013-10-01 14:21:08', 2),
(8555, '2013-10-01 14:21:07', 2),
(8554, '2013-10-01 14:20:52', 2),
(8553, '2013-10-01 14:20:51', 1),
(8552, '2013-10-01 14:20:51', 1),
(8551, '2013-10-01 14:20:47', 1),
(8550, '2013-10-01 14:20:47', 1),
(8549, '2013-10-01 14:20:47', 1),
(8548, '2013-10-01 14:20:42', 1),
(8547, '2013-10-01 14:20:42', 1),
(8546, '2013-10-01 14:20:42', 1),
(8545, '2013-10-01 14:20:39', 2),
(8544, '2013-10-01 14:20:38', 1),
(8543, '2013-10-01 14:20:36', 2),
(8542, '2013-10-01 14:20:35', 1),
(8541, '2013-10-01 14:18:47', 2),
(8540, '2013-10-01 14:18:46', 1),
(8539, '2013-10-01 14:18:37', 2),
(8538, '2013-10-01 14:18:37', 1),
(8537, '2013-10-01 14:18:23', 2),
(8536, '2013-10-01 14:18:22', 1),
(8535, '2013-10-01 14:18:16', 2),
(8534, '2013-10-01 14:18:15', 1),
(8533, '2013-10-01 14:18:00', 2),
(8532, '2013-10-01 14:17:59', 1),
(8531, '2013-10-01 14:17:54', 2),
(8530, '2013-10-01 14:17:53', 1),
(8529, '2013-10-01 14:17:50', 2),
(8528, '2013-10-01 14:17:50', 1),
(8527, '2013-10-01 14:17:44', 2),
(8526, '2013-10-01 14:17:43', 1),
(8525, '2013-10-01 14:15:56', 2),
(8524, '2013-10-01 14:15:55', 1),
(8523, '2013-10-01 14:00:51', 2),
(8522, '2013-10-01 14:00:36', 2),
(8521, '2013-10-01 14:00:35', 1),
(8520, '2013-10-01 14:00:31', 2),
(8519, '2013-10-01 14:00:31', 1),
(8518, '2013-10-01 14:00:30', 2),
(8517, '2013-10-01 14:00:29', 1),
(8516, '2013-10-01 14:00:28', 2),
(8515, '2013-10-01 14:00:08', 2),
(8514, '2013-10-01 14:00:08', 1),
(8513, '2013-10-01 14:00:07', 1),
(8512, '2013-10-01 13:59:50', 1),
(8511, '2013-10-01 13:59:50', 1),
(8510, '2013-10-01 13:59:50', 1),
(8509, '2013-10-01 13:59:26', 2),
(8508, '2013-10-01 13:59:25', 1),
(8507, '2013-10-01 13:59:25', 1),
(8506, '2013-10-01 13:59:23', 1),
(8505, '2013-10-01 13:59:23', 1),
(8504, '2013-10-01 13:59:23', 1),
(8503, '2013-10-01 13:58:54', 2),
(8502, '2013-10-01 13:58:54', 1),
(8501, '2013-10-01 13:58:53', 1),
(8500, '2013-10-01 13:58:50', 1),
(8499, '2013-10-01 13:58:50', 1),
(8498, '2013-10-01 13:58:50', 1),
(8497, '2013-10-01 13:58:47', 2),
(8496, '2013-10-01 13:58:46', 1),
(8495, '2013-10-01 13:58:46', 1),
(8494, '2013-10-01 13:58:42', 1),
(8493, '2013-10-01 13:58:42', 1),
(8492, '2013-10-01 13:58:42', 1),
(8491, '2013-10-01 13:58:37', 2),
(8490, '2013-10-01 13:58:37', 1),
(8489, '2013-10-01 13:58:36', 1),
(8488, '2013-10-01 13:58:25', 1),
(8487, '2013-10-01 13:58:25', 1),
(8486, '2013-10-01 13:58:25', 1),
(8485, '2013-10-01 13:58:23', 2),
(8484, '2013-10-01 13:58:23', 1),
(8483, '2013-10-01 13:58:23', 2),
(8482, '2013-10-01 13:57:51', 1),
(8481, '2013-10-01 13:57:50', 1),
(8480, '2013-10-01 13:57:50', 1),
(8479, '2013-10-01 13:57:39', 2),
(8478, '2013-10-01 13:57:38', 1),
(8477, '2013-10-01 13:57:38', 2),
(8476, '2013-10-01 13:57:38', 2),
(8475, '2013-10-01 13:57:37', 1),
(8474, '2013-10-01 13:57:37', 2),
(8473, '2013-10-01 13:57:36', 2),
(8472, '2013-10-01 13:57:36', 1),
(8471, '2013-10-01 13:57:35', 2),
(8470, '2013-10-01 13:57:35', 1),
(8469, '2013-10-01 13:57:34', 2),
(8468, '2013-10-01 13:57:34', 1),
(8467, '2013-10-01 13:57:33', 2),
(8466, '2013-10-01 13:57:32', 1),
(8465, '2013-10-01 13:56:11', 2),
(8464, '2013-10-01 13:56:11', 2),
(8463, '2013-10-01 13:56:11', 2),
(8462, '2013-10-01 13:56:11', 1),
(8461, '2013-10-01 13:56:10', 2),
(8460, '2013-10-01 13:56:10', 1),
(8459, '2013-10-01 13:50:18', 1),
(8458, '2013-10-01 13:50:17', 1),
(8457, '2013-10-01 13:50:17', 1),
(8456, '2013-10-01 13:47:40', 2),
(8455, '2013-10-01 13:47:40', 1),
(8454, '2013-10-01 13:47:31', 1),
(8453, '2013-10-01 13:47:30', 1),
(8452, '2013-10-01 13:43:17', 1),
(8451, '2013-10-01 13:43:17', 1),
(8450, '2013-10-01 13:43:17', 1),
(8449, '2013-10-01 13:42:24', 1),
(8448, '2013-10-01 13:42:24', 2),
(8447, '2013-10-01 13:42:24', 1),
(8446, '2013-10-01 13:42:23', 2),
(8445, '2013-10-01 13:42:23', 1),
(8444, '2013-10-01 13:42:20', 1),
(8443, '2013-10-01 13:42:20', 2),
(8442, '2013-10-01 13:42:20', 1),
(8441, '2013-10-01 13:42:15', 2),
(8440, '2013-10-01 13:42:15', 1),
(8439, '2013-10-01 13:42:05', 1),
(8438, '2013-10-01 13:42:05', 1),
(8437, '2013-10-01 13:42:04', 1),
(8436, '2013-10-01 13:41:54', 2),
(8435, '2013-10-01 13:41:54', 1),
(8434, '2013-10-01 13:41:52', 2),
(8433, '2013-10-01 13:41:51', 1),
(8432, '2013-10-01 13:41:49', 2),
(8431, '2013-10-01 13:41:48', 1),
(8430, '2013-10-01 13:41:41', 2),
(8429, '2013-10-01 13:40:50', 2),
(8428, '2013-10-01 13:40:45', 2),
(8427, '2013-10-01 13:40:44', 2),
(8426, '2013-10-01 13:40:44', 2),
(8425, '2013-10-01 13:40:44', 1),
(8424, '2013-10-01 13:40:38', 2),
(8423, '2013-10-01 13:40:17', 2),
(8422, '2013-10-01 13:40:13', 2),
(8421, '2013-10-01 13:40:13', 2),
(8420, '2013-10-01 13:40:13', 2),
(8419, '2013-10-01 13:40:12', 1),
(8418, '2013-10-01 13:40:00', 2),
(8417, '2013-10-01 13:39:42', 2),
(8416, '2013-10-01 13:39:42', 2),
(8415, '2013-10-01 13:39:41', 2),
(8414, '2013-10-01 13:39:38', 2),
(8413, '2013-10-01 13:39:37', 2),
(8412, '2013-10-01 13:39:37', 2),
(8411, '2013-10-01 13:39:37', 2),
(8410, '2013-10-01 13:39:36', 2),
(8409, '2013-10-01 13:39:35', 2),
(8408, '2013-10-01 13:39:35', 2),
(8407, '2013-10-01 13:39:26', 2),
(8406, '2013-10-01 13:39:26', 2),
(8405, '2013-10-01 13:39:21', 2),
(8404, '2013-10-01 13:39:20', 2),
(8403, '2013-10-01 13:39:20', 2),
(8402, '2013-10-01 13:39:20', 2),
(8401, '2013-10-01 13:39:11', 2),
(8400, '2013-10-01 13:39:10', 2),
(8399, '2013-10-01 13:39:10', 2),
(8398, '2013-10-01 13:39:10', 2),
(8397, '2013-10-01 13:37:27', 2),
(8396, '2013-10-01 13:37:27', 2),
(8395, '2013-10-01 13:37:26', 2),
(8394, '2013-10-01 13:37:26', 2),
(8393, '2013-10-01 13:36:46', 2),
(8392, '2013-10-01 13:36:46', 2),
(8391, '2013-10-01 13:36:46', 2),
(8390, '2013-10-01 13:36:45', 2),
(8389, '2013-10-01 13:34:11', 2),
(8388, '2013-10-01 13:34:11', 2),
(8387, '2013-10-01 13:34:11', 2),
(8386, '2013-10-01 13:34:11', 2),
(8385, '2013-10-01 13:34:07', 2),
(8384, '2013-10-01 13:34:07', 2),
(8383, '2013-10-01 13:34:06', 2),
(8382, '2013-10-01 13:33:47', 2),
(8381, '2013-10-01 13:33:47', 2),
(8380, '2013-10-01 13:33:44', 2),
(8379, '2013-10-01 13:33:43', 2),
(8378, '2013-10-01 13:33:43', 2),
(8377, '2013-10-01 13:33:43', 2),
(8376, '2013-10-01 13:32:26', 2),
(8375, '2013-10-01 13:32:26', 2),
(8374, '2013-10-01 13:32:25', 2),
(11165, '2013-10-02 13:53:30', 2),
(11166, '2013-10-02 13:53:31', 1),
(11167, '2013-10-02 13:53:32', 2),
(11168, '2013-10-02 13:53:32', 1),
(11169, '2013-10-02 13:53:33', 2),
(11170, '2013-10-02 13:53:33', 1),
(11171, '2013-10-02 13:53:33', 2),
(11172, '2013-10-02 13:53:34', 1),
(11173, '2013-10-02 13:53:34', 2),
(11174, '2013-10-02 13:53:34', 1),
(11175, '2013-10-02 13:53:35', 2),
(11176, '2013-10-02 13:53:35', 1),
(11177, '2013-10-02 13:53:35', 2),
(11178, '2013-10-02 13:53:35', 1),
(11179, '2013-10-02 13:53:36', 2),
(11180, '2013-10-02 13:53:37', 1),
(11181, '2013-10-02 13:53:37', 2),
(11182, '2013-10-02 13:53:38', 1),
(11183, '2013-10-02 13:53:38', 2),
(11184, '2013-10-02 13:53:40', 1),
(11185, '2013-10-02 13:53:40', 2),
(11186, '2013-10-02 13:53:40', 1),
(11187, '2013-10-02 13:53:40', 2),
(11188, '2013-10-02 13:53:41', 1),
(11189, '2013-10-02 13:53:41', 2),
(11190, '2013-10-02 13:53:41', 1),
(11191, '2013-10-02 13:53:41', 2),
(11192, '2013-10-02 13:53:42', 1),
(11193, '2013-10-02 13:53:42', 2),
(11194, '2013-10-02 13:53:44', 2),
(11195, '2013-10-02 13:53:45', 1),
(11196, '2013-10-02 13:53:45', 2),
(11197, '2013-10-02 13:53:46', 1),
(11198, '2013-10-02 13:53:46', 2),
(11199, '2013-10-02 13:53:47', 1),
(11200, '2013-10-02 13:53:47', 2),
(11201, '2013-10-02 13:53:47', 2),
(11202, '2013-10-02 13:53:49', 1),
(11203, '2013-10-02 13:53:49', 2),
(11204, '2013-10-02 13:53:50', 1),
(11205, '2013-10-02 13:53:50', 2),
(11206, '2013-10-02 13:53:51', 1),
(11207, '2013-10-02 13:53:51', 2),
(11208, '2013-10-02 13:53:52', 1),
(11209, '2013-10-02 13:53:52', 2),
(11210, '2013-10-02 13:53:52', 2),
(11211, '2013-10-02 13:53:52', 2),
(11212, '2013-10-02 13:53:53', 1),
(11213, '2013-10-02 13:53:53', 2),
(11214, '2013-10-02 13:53:55', 1),
(11215, '2013-10-02 13:53:55', 2),
(11216, '2013-10-02 13:53:56', 1),
(11217, '2013-10-02 13:53:56', 2),
(11218, '2013-10-02 13:53:58', 1),
(11219, '2013-10-02 13:53:58', 2),
(11220, '2013-10-02 13:53:58', 1),
(11221, '2013-10-02 13:53:58', 2),
(11222, '2013-10-02 13:53:59', 1),
(11223, '2013-10-02 13:53:59', 2),
(11224, '2013-10-02 13:53:59', 1),
(11225, '2013-10-02 13:54:00', 2),
(11226, '2013-10-02 13:54:01', 1),
(11227, '2013-10-02 13:54:01', 2),
(11228, '2013-10-02 13:54:03', 1),
(11229, '2013-10-02 13:54:03', 1),
(11230, '2013-10-02 13:54:03', 1),
(11231, '2013-10-02 14:15:51', 1),
(11232, '2013-10-02 14:15:51', 2),
(11233, '2013-10-02 14:15:51', 2),
(11234, '2013-10-02 14:15:51', 2),
(11235, '2013-10-02 14:15:52', 1),
(11236, '2013-10-02 14:15:52', 2),
(11237, '2013-10-02 14:17:51', 1),
(11238, '2013-10-02 14:17:52', 2),
(11239, '2013-10-02 14:17:57', 1),
(11240, '2013-10-02 14:17:58', 2),
(11241, '2013-10-02 14:18:08', 1),
(11242, '2013-10-02 14:18:08', 2),
(11243, '2013-10-02 14:18:41', 2),
(11244, '2013-10-02 14:18:42', 1),
(11245, '2013-10-02 14:18:42', 2),
(11246, '2013-10-02 14:18:42', 2),
(11247, '2013-10-02 14:18:42', 2),
(11248, '2013-10-02 14:18:42', 1),
(11249, '2013-10-02 14:18:42', 2),
(11250, '2013-10-02 14:18:43', 1),
(11251, '2013-10-02 14:18:43', 2),
(11252, '2013-10-02 14:18:43', 1),
(11253, '2013-10-02 14:18:43', 2),
(11254, '2013-10-02 14:18:43', 1),
(11255, '2013-10-02 14:18:43', 2),
(11256, '2013-10-02 14:18:44', 1),
(11257, '2013-10-02 14:18:44', 2),
(11258, '2013-10-02 14:18:45', 1),
(11259, '2013-10-02 14:18:45', 2),
(11260, '2013-10-02 14:18:46', 1),
(11261, '2013-10-02 14:18:46', 2),
(11262, '2013-10-02 14:18:46', 1),
(11263, '2013-10-02 14:18:46', 2),
(11264, '2013-10-02 14:18:47', 1),
(11265, '2013-10-02 14:18:47', 2),
(11266, '2013-10-02 14:18:47', 2),
(11267, '2013-10-02 14:18:48', 1),
(11268, '2013-10-02 14:18:48', 2),
(11269, '2013-10-02 14:18:48', 1),
(11270, '2013-10-02 14:18:48', 2),
(11271, '2013-10-02 14:18:49', 1),
(11272, '2013-10-02 14:18:49', 2),
(11273, '2013-10-02 14:18:49', 1),
(11274, '2013-10-02 14:18:50', 2),
(11275, '2013-10-02 14:18:50', 1),
(11276, '2013-10-02 14:18:50', 2),
(11277, '2013-10-02 14:18:50', 1),
(11278, '2013-10-02 14:18:51', 2),
(11279, '2013-10-02 14:18:51', 1),
(11280, '2013-10-02 14:18:51', 2),
(11281, '2013-10-02 14:18:51', 1),
(11282, '2013-10-02 14:18:51', 2),
(11283, '2013-10-02 14:18:52', 1),
(11284, '2013-10-02 14:18:52', 2),
(11285, '2013-10-02 14:18:52', 1),
(11286, '2013-10-02 14:18:52', 2),
(11287, '2013-10-02 14:18:53', 1),
(11288, '2013-10-02 14:18:53', 2),
(11289, '2013-10-02 14:18:53', 2),
(11290, '2013-10-02 14:18:54', 1),
(11291, '2013-10-02 14:18:54', 2),
(11292, '2013-10-02 14:18:54', 1),
(11293, '2013-10-02 14:18:54', 2),
(11294, '2013-10-02 14:18:55', 1),
(11295, '2013-10-02 14:18:55', 2),
(11296, '2013-10-02 14:18:56', 1),
(11297, '2013-10-02 14:18:56', 2),
(11298, '2013-10-02 14:18:56', 1),
(11299, '2013-10-02 14:18:56', 2),
(11300, '2013-10-02 14:18:58', 1),
(11301, '2013-10-02 14:18:58', 2),
(11302, '2013-10-02 14:18:58', 1),
(11303, '2013-10-02 14:18:58', 2),
(11304, '2013-10-02 14:18:59', 1),
(11305, '2013-10-02 14:18:59', 2),
(11306, '2013-10-02 14:18:59', 1),
(11307, '2013-10-02 14:18:59', 2),
(11308, '2013-10-02 14:19:00', 1),
(11309, '2013-10-02 14:19:00', 2),
(11310, '2013-10-02 14:19:00', 1),
(11311, '2013-10-02 14:19:01', 2),
(11312, '2013-10-02 14:19:02', 1),
(11313, '2013-10-02 14:19:02', 2),
(11314, '2013-10-02 14:19:02', 2),
(11315, '2013-10-02 14:19:02', 2),
(11316, '2013-10-02 14:19:22', 1),
(11317, '2013-10-02 14:19:22', 2),
(11318, '2013-10-02 14:19:24', 1),
(11319, '2013-10-02 14:19:24', 1),
(11320, '2013-10-02 14:19:24', 1),
(11321, '2013-10-02 14:19:26', 1),
(11322, '2013-10-02 14:19:26', 2),
(11323, '2013-10-02 14:19:27', 1),
(11324, '2013-10-02 14:19:28', 2),
(11325, '2013-10-02 14:19:29', 1),
(11326, '2013-10-02 14:19:29', 2),
(11327, '2013-10-02 14:19:29', 1),
(11328, '2013-10-02 14:19:46', 1),
(11329, '2013-10-02 14:19:46', 2),
(11330, '2013-10-02 14:19:48', 1),
(11331, '2013-10-02 14:19:48', 1),
(11332, '2013-10-02 14:19:48', 1),
(11333, '2013-10-02 14:19:49', 1),
(11334, '2013-10-02 14:19:49', 2),
(11335, '2013-10-02 14:19:51', 1),
(11336, '2013-10-02 14:19:51', 2),
(11337, '2013-10-02 14:19:51', 1),
(11338, '2013-10-02 14:20:12', 1),
(11339, '2013-10-02 14:20:13', 1),
(11340, '2013-10-02 14:24:28', 1),
(11341, '2013-10-02 14:24:29', 1),
(11342, '2013-10-02 14:24:30', 1),
(11343, '2013-10-02 14:24:30', 2),
(11344, '2013-10-02 14:24:32', 1),
(11345, '2013-10-02 14:24:32', 1),
(11346, '2013-10-02 14:24:33', 1),
(11347, '2013-10-02 14:24:33', 2),
(11348, '2013-10-02 14:24:35', 1),
(11349, '2013-10-02 14:24:35', 1),
(11350, '2013-10-02 14:24:36', 1),
(11351, '2013-10-02 14:24:36', 2),
(11352, '2013-10-02 14:24:37', 1),
(11353, '2013-10-02 14:24:38', 1),
(11354, '2013-10-02 14:24:39', 1),
(11355, '2013-10-02 14:24:39', 2),
(11356, '2013-10-02 14:24:40', 1),
(11357, '2013-10-02 14:24:40', 2),
(11358, '2013-10-02 14:24:41', 1),
(11359, '2013-10-02 14:24:41', 2),
(11360, '2013-10-02 14:24:41', 1),
(11361, '2013-10-02 14:24:42', 2),
(11362, '2013-10-02 14:24:45', 1),
(11363, '2013-10-02 14:24:45', 2),
(11364, '2013-10-02 14:24:47', 1),
(11365, '2013-10-02 14:24:48', 2),
(11366, '2013-10-02 14:24:50', 1),
(11367, '2013-10-02 14:24:50', 1),
(11368, '2013-10-02 14:24:52', 1),
(11369, '2013-10-02 14:24:52', 2),
(11370, '2013-10-02 14:24:53', 1),
(11371, '2013-10-02 14:24:53', 2),
(11372, '2013-10-02 14:24:54', 1),
(11373, '2013-10-02 14:24:54', 2),
(11374, '2013-10-02 14:24:54', 1),
(11375, '2013-10-02 14:25:05', 2),
(11376, '2013-10-02 14:25:06', 2),
(11377, '2013-10-02 14:25:06', 2),
(11378, '2013-10-02 14:25:06', 2),
(11379, '2013-10-02 14:25:09', 2),
(11380, '2013-10-02 14:25:09', 2),
(11381, '2013-10-02 14:25:10', 2),
(11382, '2013-10-02 14:25:10', 2),
(11383, '2013-10-02 14:25:15', 1),
(11384, '2013-10-02 14:25:15', 2),
(11385, '2013-10-02 14:25:18', 1),
(11386, '2013-10-02 14:25:18', 1),
(11387, '2013-10-02 14:25:20', 1),
(11388, '2013-10-02 14:25:20', 2),
(11389, '2013-10-02 14:25:22', 1),
(11390, '2013-10-02 14:25:22', 1),
(11391, '2013-10-02 14:25:25', 1),
(11392, '2013-10-02 14:25:25', 2),
(11393, '2013-10-02 14:25:27', 1),
(11394, '2013-10-02 14:25:27', 1),
(11395, '2013-10-02 14:25:29', 2),
(11396, '2013-10-02 14:25:32', 1),
(11397, '2013-10-02 14:25:32', 2),
(11398, '2013-10-02 14:25:33', 1),
(11399, '2013-10-02 14:25:33', 1),
(11400, '2013-10-02 14:25:46', 1),
(11401, '2013-10-02 14:25:46', 2),
(11402, '2013-10-02 14:25:48', 1),
(11403, '2013-10-02 14:25:48', 2),
(11404, '2013-10-02 14:25:48', 1),
(11405, '2013-10-02 14:25:57', 1),
(11406, '2013-10-02 14:25:57', 2),
(11407, '2013-10-02 14:26:02', 1),
(11408, '2013-10-02 14:26:03', 1),
(11409, '2013-10-02 14:26:04', 1),
(11410, '2013-10-02 14:26:05', 2),
(11411, '2013-10-02 14:26:07', 1),
(11412, '2013-10-02 14:26:07', 1),
(11413, '2013-10-02 14:26:09', 1),
(11414, '2013-10-02 14:26:09', 2),
(11415, '2013-10-02 14:26:12', 1),
(11416, '2013-10-02 14:26:12', 2),
(11417, '2013-10-02 14:26:24', 1),
(11418, '2013-10-02 14:26:24', 1),
(11419, '2013-10-02 14:26:24', 1),
(11420, '2013-10-02 14:26:25', 1),
(11421, '2013-10-02 14:26:25', 1),
(11422, '2013-10-02 14:26:25', 1),
(11423, '2013-10-02 14:26:26', 1),
(11424, '2013-10-02 14:26:26', 1),
(11425, '2013-10-02 14:26:26', 1),
(11426, '2013-10-02 14:26:28', 1),
(11427, '2013-10-02 14:26:28', 1),
(11428, '2013-10-02 14:26:28', 1),
(11429, '2013-10-02 14:26:31', 1),
(11430, '2013-10-02 14:26:31', 2),
(11431, '2013-10-02 14:26:57', 1),
(11432, '2013-10-02 14:26:57', 2),
(11433, '2013-10-02 14:28:09', 1),
(11434, '2013-10-02 14:28:09', 2),
(11435, '2013-10-02 14:28:17', 1),
(11436, '2013-10-02 14:28:17', 1),
(11437, '2013-10-02 14:28:24', 1),
(11438, '2013-10-02 14:28:24', 1),
(11439, '2013-10-02 14:28:54', 2),
(11440, '2013-10-02 14:28:54', 2),
(11441, '2013-10-02 14:28:55', 2),
(11442, '2013-10-02 14:28:55', 2),
(11443, '2013-10-02 14:28:55', 2),
(11444, '2013-10-02 14:28:56', 2),
(11445, '2013-10-02 14:35:38', 1),
(11446, '2013-10-02 14:35:39', 1),
(11447, '2013-10-02 14:35:41', 1);
INSERT INTO `review` (`id_review`, `cd_review`, `id_rreview`) VALUES
(11448, '2013-10-02 14:35:41', 1),
(11449, '2013-10-02 14:35:42', 1),
(11450, '2013-10-02 14:35:43', 1),
(11451, '2013-10-02 14:35:43', 2),
(11452, '2013-10-02 14:36:03', 1),
(11453, '2013-10-02 14:36:03', 1),
(11454, '2013-10-02 14:40:13', 1),
(11455, '2013-10-02 14:40:13', 1),
(11456, '2013-10-02 14:40:21', 1),
(11457, '2013-10-02 14:40:21', 1),
(11458, '2013-10-02 14:40:22', 1),
(11459, '2013-10-02 14:40:23', 1),
(11460, '2013-10-02 14:40:28', 1),
(11461, '2013-10-02 14:40:28', 1),
(11462, '2013-10-02 14:41:03', 1),
(11463, '2013-10-02 14:41:03', 1),
(11464, '2013-10-02 14:41:04', 2),
(11465, '2013-10-02 14:41:14', 1),
(11466, '2013-10-02 14:41:14', 1),
(11467, '2013-10-02 14:41:33', 1),
(11468, '2013-10-02 14:41:33', 1),
(11469, '2013-10-02 14:41:34', 2),
(11470, '2013-10-02 14:41:36', 1),
(11471, '2013-10-02 14:41:36', 1),
(11472, '2013-10-02 14:41:45', 1),
(11473, '2013-10-02 14:41:45', 1),
(11474, '2013-10-02 14:41:46', 2),
(11475, '2013-10-02 14:41:49', 1),
(11476, '2013-10-02 14:41:49', 1),
(11477, '2013-10-02 14:42:10', 1),
(11478, '2013-10-02 14:42:10', 1),
(11479, '2013-10-02 14:42:10', 2),
(11480, '2013-10-02 14:42:22', 1),
(11481, '2013-10-02 14:42:23', 1),
(11482, '2013-10-02 14:42:39', 1),
(11483, '2013-10-02 14:42:40', 1),
(11484, '2013-10-02 14:42:40', 2),
(11485, '2013-10-02 14:43:04', 1),
(11486, '2013-10-02 14:43:04', 1),
(11487, '2013-10-02 14:43:07', 1),
(11488, '2013-10-02 14:43:07', 1),
(11489, '2013-10-02 14:43:08', 2),
(11490, '2013-10-02 14:43:14', 1),
(11491, '2013-10-02 14:43:14', 1),
(11492, '2013-10-02 14:43:17', 1),
(11493, '2013-10-02 14:43:17', 1),
(11494, '2013-10-02 14:43:18', 2),
(11495, '2013-10-02 14:43:22', 1),
(11496, '2013-10-02 14:43:22', 1),
(11497, '2013-10-02 14:43:26', 1),
(11498, '2013-10-02 14:43:26', 1),
(11499, '2013-10-02 14:43:27', 2),
(11500, '2013-10-02 14:44:34', 1),
(11501, '2013-10-02 14:44:35', 2),
(11502, '2013-10-02 14:44:41', 1),
(11503, '2013-10-02 14:44:45', 1),
(11504, '2013-10-02 14:44:46', 2),
(11505, '2013-10-02 14:46:37', 1),
(11506, '2013-10-02 14:46:38', 2),
(11507, '2013-10-02 14:47:02', 1),
(11508, '2013-10-02 14:47:03', 2),
(11509, '2013-10-02 14:47:24', 1),
(11510, '2013-10-02 14:47:36', 1),
(11511, '2013-10-02 14:47:37', 2),
(11512, '2013-10-02 14:47:50', 1),
(11513, '2013-10-02 14:47:51', 2),
(11514, '2013-10-02 14:47:55', 1),
(11515, '2013-10-02 14:47:55', 1),
(11516, '2013-10-02 14:47:56', 1),
(11517, '2013-10-02 14:47:56', 1),
(11518, '2013-10-02 14:55:01', 2),
(11519, '2013-10-02 14:55:02', 2),
(11520, '2013-10-02 14:55:02', 2),
(11521, '2013-10-02 14:55:02', 2),
(11522, '2013-10-02 14:55:04', 1),
(11523, '2013-10-02 14:55:05', 1),
(11524, '2013-10-02 14:55:05', 2),
(11525, '2013-10-02 14:55:06', 2),
(11526, '2013-10-02 14:55:06', 2),
(11527, '2013-10-02 14:55:06', 2),
(11528, '2013-10-02 14:55:10', 1),
(11529, '2013-10-02 14:55:11', 1),
(11530, '2013-10-02 15:00:48', 2),
(11531, '2013-10-02 15:00:48', 2),
(11532, '2013-10-02 15:00:48', 2),
(11533, '2013-10-02 15:00:49', 2),
(11534, '2013-10-02 15:03:38', 1),
(11535, '2013-10-02 15:03:38', 1),
(11536, '2013-10-02 15:06:08', 2),
(11537, '2013-10-02 15:06:08', 2),
(11538, '2013-10-02 15:06:09', 2),
(11539, '2013-10-02 15:06:09', 2),
(11540, '2013-10-02 15:06:09', 2),
(11541, '2013-10-02 15:06:09', 2),
(11542, '2013-10-02 15:06:09', 2),
(11543, '2013-10-02 15:06:09', 2),
(11544, '2013-10-02 15:06:09', 2),
(11545, '2013-10-02 15:06:09', 2),
(11546, '2013-10-02 15:06:09', 2),
(11547, '2013-10-02 15:06:09', 2),
(11548, '2013-10-02 15:07:14', 2),
(11549, '2013-10-02 15:07:14', 2),
(11550, '2013-10-02 15:07:14', 2),
(11551, '2013-10-02 15:07:15', 2),
(11552, '2013-10-02 15:08:52', 2),
(11553, '2013-10-02 15:08:52', 2),
(11554, '2013-10-02 15:08:53', 2),
(11555, '2013-10-02 15:08:53', 2),
(11556, '2013-10-02 15:09:00', 2),
(11557, '2013-10-02 15:09:01', 2),
(11558, '2013-10-02 15:09:01', 2),
(11559, '2013-10-02 15:09:01', 2),
(11560, '2013-10-02 15:09:43', 2),
(11561, '2013-10-02 15:09:43', 2),
(11562, '2013-10-02 15:09:44', 2),
(11563, '2013-10-02 15:09:44', 2),
(11564, '2013-10-02 15:09:51', 2),
(11565, '2013-10-02 15:09:52', 2),
(11566, '2013-10-02 15:09:52', 2),
(11567, '2013-10-02 15:09:52', 2),
(11568, '2013-10-02 15:10:19', 2),
(11569, '2013-10-02 15:10:19', 2),
(11570, '2013-10-02 15:10:19', 2),
(11571, '2013-10-02 15:10:20', 2),
(11572, '2013-10-02 15:10:48', 2),
(11573, '2013-10-02 15:10:49', 2),
(11574, '2013-10-02 15:10:49', 2),
(11575, '2013-10-02 15:10:49', 2),
(11576, '2013-10-02 15:14:20', 2),
(11577, '2013-10-02 15:14:21', 2),
(11578, '2013-10-02 15:14:21', 2),
(11579, '2013-10-02 15:14:24', 1),
(11580, '2013-10-02 15:14:24', 2),
(11581, '2013-10-02 15:14:24', 2),
(11582, '2013-10-02 15:14:25', 2),
(11583, '2013-10-02 15:14:28', 1),
(11584, '2013-10-02 15:14:29', 2),
(11585, '2013-10-02 15:14:29', 2),
(11586, '2013-10-02 15:14:29', 2),
(11587, '2013-10-02 15:14:46', 2),
(11588, '2013-10-02 15:14:47', 2),
(11589, '2013-10-02 15:14:47', 2),
(11590, '2013-10-02 15:14:47', 2),
(11591, '2013-10-02 15:14:48', 2),
(11592, '2013-10-02 15:14:48', 2),
(11593, '2013-10-02 15:14:48', 2),
(11594, '2013-10-02 15:14:48', 2),
(11595, '2013-10-02 15:14:49', 2),
(11596, '2013-10-02 15:14:49', 2),
(11597, '2013-10-02 15:14:49', 2),
(11598, '2013-10-02 15:14:49', 2),
(11599, '2013-10-02 15:14:50', 2),
(11600, '2013-10-02 15:14:50', 2),
(11601, '2013-10-02 15:14:50', 2),
(11602, '2013-10-02 15:14:50', 2),
(11603, '2013-10-02 15:14:51', 2),
(11604, '2013-10-02 15:14:51', 2),
(11605, '2013-10-02 15:14:51', 2),
(11606, '2013-10-02 15:14:51', 2),
(11607, '2013-10-02 15:14:52', 2),
(11608, '2013-10-02 15:14:52', 2),
(11609, '2013-10-02 15:14:55', 2),
(11610, '2013-10-02 15:14:56', 2),
(11611, '2013-10-02 15:14:56', 2),
(11612, '2013-10-02 15:14:56', 2),
(11613, '2013-10-02 15:16:03', 2),
(11614, '2013-10-02 15:16:04', 2),
(11615, '2013-10-02 15:16:04', 2),
(11616, '2013-10-02 15:17:20', 2),
(11617, '2013-10-02 15:17:21', 2),
(11618, '2013-10-02 15:17:21', 2),
(11619, '2013-10-02 15:17:21', 2),
(11620, '2013-10-02 15:17:21', 2),
(11621, '2013-10-02 15:18:17', 2),
(11622, '2013-10-02 15:18:18', 2),
(11623, '2013-10-02 15:18:18', 2),
(11624, '2013-10-02 15:18:18', 2),
(11625, '2013-10-02 15:18:18', 2),
(11626, '2013-10-02 15:18:46', 2),
(11627, '2013-10-02 15:18:47', 2),
(11628, '2013-10-02 15:18:47', 2),
(11629, '2013-10-02 15:18:47', 2),
(11630, '2013-10-02 15:18:47', 2),
(11631, '2013-10-02 15:18:54', 2),
(11632, '2013-10-02 15:19:09', 2),
(11633, '2013-10-02 15:19:41', 2),
(11634, '2013-10-02 15:19:41', 2),
(11635, '2013-10-02 15:19:42', 2),
(11636, '2013-10-02 15:19:42', 2),
(11637, '2013-10-02 15:19:42', 2),
(11638, '2013-10-02 15:19:55', 2),
(11639, '2013-10-02 15:19:55', 2),
(11640, '2013-10-02 15:19:56', 2),
(11641, '2013-10-02 15:20:12', 2),
(11642, '2013-10-02 15:20:12', 2),
(11643, '2013-10-02 15:20:12', 2),
(11644, '2013-10-02 15:20:13', 2),
(11645, '2013-10-02 15:20:14', 2),
(11646, '2013-10-02 15:20:21', 2),
(11647, '2013-10-02 15:20:21', 2),
(11648, '2013-10-02 15:20:21', 2),
(11649, '2013-10-02 15:20:21', 2),
(11650, '2013-10-02 15:20:22', 2),
(11651, '2013-10-02 15:20:22', 2),
(11652, '2013-10-02 15:20:22', 2),
(11653, '2013-10-02 15:20:22', 2),
(11654, '2013-10-02 15:20:24', 2),
(11655, '2013-10-02 15:20:24', 2),
(11656, '2013-10-02 15:20:24', 2),
(11657, '2013-10-02 15:20:40', 2),
(11658, '2013-10-02 15:20:41', 2),
(11659, '2013-10-02 15:20:41', 2),
(11660, '2013-10-02 15:20:41', 2),
(11661, '2013-10-02 15:20:42', 2),
(11662, '2013-10-02 15:20:42', 2),
(11663, '2013-10-02 15:20:44', 2),
(11664, '2013-10-02 15:24:42', 2),
(11665, '2013-10-02 15:24:42', 2),
(11666, '2013-10-02 15:24:42', 2),
(11667, '2013-10-02 15:24:43', 2),
(11668, '2013-10-02 15:24:43', 2),
(11669, '2013-10-02 15:24:43', 2),
(11670, '2013-10-02 15:24:44', 2),
(11671, '2013-10-02 15:24:45', 2),
(11672, '2013-10-02 15:24:45', 2),
(11673, '2013-10-02 15:24:45', 2),
(11674, '2013-10-02 15:24:45', 2),
(11675, '2013-10-02 15:26:00', 2),
(11676, '2013-10-02 15:26:00', 2),
(11677, '2013-10-02 15:26:00', 2),
(11678, '2013-10-02 15:26:00', 2),
(11679, '2013-10-02 15:26:05', 2),
(11680, '2013-10-02 15:26:06', 2),
(11681, '2013-10-02 15:26:06', 2),
(11682, '2013-10-02 15:46:18', 2),
(11683, '2013-10-02 15:46:18', 2),
(11684, '2013-10-02 15:46:19', 2),
(11685, '2013-10-02 15:46:19', 2),
(11686, '2013-10-02 15:46:29', 2),
(11687, '2013-10-02 15:46:29', 2),
(11688, '2013-10-02 15:46:30', 2),
(11689, '2013-10-02 15:46:30', 2),
(11690, '2013-10-02 15:46:31', 2),
(11691, '2013-10-02 15:46:31', 2),
(11692, '2013-10-02 15:46:31', 2),
(11693, '2013-10-02 15:46:35', 2),
(11694, '2013-10-02 15:46:36', 2),
(11695, '2013-10-02 15:46:36', 2),
(11696, '2013-10-02 15:46:36', 2),
(11697, '2013-10-02 15:46:38', 2),
(11698, '2013-10-02 15:46:38', 2),
(11699, '2013-10-02 15:46:38', 2),
(11700, '2013-10-02 15:46:38', 2),
(11701, '2013-10-02 15:46:48', 2),
(11702, '2013-10-02 15:46:57', 2),
(11703, '2013-10-02 15:46:59', 2),
(11704, '2013-10-02 15:47:00', 2),
(11705, '2013-10-02 15:47:00', 2),
(11706, '2013-10-02 15:47:00', 2),
(11707, '2013-10-02 15:47:02', 2),
(11708, '2013-10-02 15:47:02', 2),
(11709, '2013-10-02 15:47:02', 2),
(11710, '2013-10-02 15:47:02', 2),
(11711, '2013-10-02 15:47:08', 2),
(11712, '2013-10-02 15:47:08', 2),
(11713, '2013-10-02 15:47:08', 2),
(11714, '2013-10-02 15:47:08', 2),
(11715, '2013-10-02 15:47:10', 2),
(11716, '2013-10-02 15:47:10', 2),
(11717, '2013-10-02 15:47:10', 2),
(11718, '2013-10-02 15:47:10', 2),
(11719, '2013-10-02 15:47:10', 2),
(11720, '2013-10-02 15:47:11', 2),
(11721, '2013-10-02 15:47:11', 2),
(11722, '2013-10-02 15:47:11', 2),
(11723, '2013-10-02 15:47:11', 2),
(11724, '2013-10-02 15:47:11', 2),
(11725, '2013-10-02 15:47:11', 2),
(11726, '2013-10-02 15:47:12', 2),
(11727, '2013-10-02 15:49:16', 2),
(11728, '2013-10-02 15:49:16', 2),
(11729, '2013-10-02 15:49:16', 2),
(11730, '2013-10-02 15:49:17', 2),
(11731, '2013-10-02 15:49:17', 2),
(11732, '2013-10-02 15:49:18', 2),
(11733, '2013-10-02 15:49:18', 2),
(11734, '2013-10-02 15:49:19', 2),
(11735, '2013-10-02 15:49:20', 2),
(11736, '2013-10-02 15:49:20', 2),
(11737, '2013-10-02 15:49:20', 2),
(11738, '2013-10-02 17:20:42', 2),
(11739, '2013-10-02 17:20:42', 2),
(11740, '2013-10-02 17:20:42', 2),
(11741, '2013-10-02 17:20:43', 2),
(11742, '2013-10-02 17:20:46', 2),
(11743, '2013-10-02 17:20:46', 2),
(11744, '2013-10-02 17:20:46', 2),
(11745, '2013-10-02 17:20:46', 2),
(11746, '2013-10-02 17:20:47', 2),
(11747, '2013-10-02 17:20:48', 2),
(11748, '2013-10-02 17:20:48', 2),
(11749, '2013-10-02 17:20:48', 2),
(11750, '2013-10-02 17:20:49', 2),
(11751, '2013-10-02 17:20:49', 2),
(11752, '2013-10-02 17:20:49', 2),
(11753, '2013-10-02 17:20:49', 2),
(11754, '2013-10-02 17:20:49', 2),
(11755, '2013-10-02 17:20:50', 2),
(11756, '2013-10-02 17:20:50', 2),
(11757, '2013-10-02 17:20:50', 2),
(11758, '2013-10-02 17:20:50', 2),
(11759, '2013-10-02 17:20:51', 2),
(11760, '2013-10-02 17:20:51', 2),
(11761, '2013-10-02 17:20:51', 2),
(11762, '2013-10-02 17:20:51', 2),
(11763, '2013-10-02 17:20:53', 2),
(11764, '2013-10-02 17:20:53', 2),
(11765, '2013-10-02 17:20:53', 2),
(11766, '2013-10-02 17:20:53', 2),
(11767, '2013-10-02 17:20:55', 2),
(11768, '2013-10-02 17:20:55', 2),
(11769, '2013-10-02 17:20:55', 2),
(11770, '2013-10-02 17:20:55', 2),
(11771, '2013-10-02 17:20:56', 2),
(11772, '2013-10-02 17:21:11', 1),
(11773, '2013-10-02 17:21:11', 2),
(11774, '2013-10-02 17:21:12', 1),
(11775, '2013-10-02 17:21:13', 2),
(11776, '2013-10-02 17:21:13', 1),
(11777, '2013-10-02 17:21:13', 2),
(11778, '2013-10-02 17:21:22', 1),
(11779, '2013-10-02 17:21:22', 1),
(11780, '2013-10-02 17:21:22', 1),
(11781, '2013-10-02 17:21:26', 2),
(11782, '2013-10-02 17:21:26', 2),
(11783, '2013-10-02 17:21:26', 2),
(11784, '2013-10-02 20:46:05', 2),
(11785, '2013-10-02 20:46:05', 2),
(11786, '2013-10-02 20:46:06', 2),
(11787, '2013-10-02 20:46:07', 2),
(11788, '2013-10-02 20:46:08', 2),
(11789, '2013-10-02 20:46:08', 2),
(11790, '2013-10-02 20:47:15', 2),
(11791, '2013-10-02 20:47:15', 2),
(11792, '2013-10-02 20:51:33', 2),
(11793, '2013-10-02 20:51:33', 2),
(11794, '2013-10-02 20:51:35', 2),
(11795, '2013-10-02 20:51:35', 2),
(11796, '2013-10-02 20:51:49', 2),
(11797, '2013-10-02 20:51:49', 2),
(11798, '2013-10-02 20:54:19', 2),
(11799, '2013-10-02 20:54:19', 2),
(11800, '2013-10-02 20:54:21', 2),
(11801, '2013-10-02 20:54:21', 2),
(11802, '2013-10-02 20:54:21', 2),
(11803, '2013-10-02 20:54:21', 2),
(11804, '2013-10-02 20:54:49', 2),
(11805, '2013-10-02 20:54:49', 2),
(11806, '2013-10-02 21:17:50', 2),
(11807, '2013-10-02 21:18:01', 2),
(11808, '2013-10-02 21:18:05', 2),
(11809, '2013-10-02 21:18:15', 1),
(11810, '2013-10-02 21:18:15', 2),
(11811, '2013-10-02 21:18:15', 2),
(11812, '2013-10-02 21:18:15', 2),
(11813, '2013-10-02 21:18:19', 1),
(11814, '2013-10-02 21:18:19', 2),
(11815, '2013-10-02 21:20:45', 2),
(11816, '2013-10-02 21:20:46', 2),
(11817, '2013-10-02 21:20:47', 2),
(11818, '2013-10-02 21:20:47', 2),
(11819, '2013-10-02 21:47:22', 2),
(11820, '2013-10-02 21:47:22', 2),
(11821, '2013-10-02 21:47:22', 2),
(11822, '2013-10-02 21:49:21', 2),
(11823, '2013-10-02 21:57:47', 2),
(11824, '2013-10-02 21:57:47', 2),
(11825, '2013-10-02 21:57:57', 2),
(11826, '2013-10-02 21:57:57', 2),
(11827, '2013-10-02 21:58:11', 2),
(11828, '2013-10-02 21:58:11', 2),
(11829, '2013-10-02 21:58:11', 2),
(11830, '2013-10-02 21:58:11', 2),
(11831, '2013-10-02 21:58:13', 1),
(11832, '2013-10-02 21:58:14', 2),
(11833, '2013-10-02 21:58:14', 2),
(11834, '2013-10-02 21:58:14', 2),
(11835, '2013-10-02 21:58:15', 2),
(11836, '2013-10-02 21:58:26', 1),
(11837, '2013-10-02 21:58:26', 2),
(11838, '2013-10-02 21:58:34', 1),
(11839, '2013-10-02 21:58:34', 1),
(11840, '2013-10-02 21:58:34', 1),
(11841, '2013-10-02 21:58:35', 1),
(11842, '2013-10-02 21:58:36', 1),
(11843, '2013-10-02 21:58:36', 1),
(11844, '2013-10-02 22:03:53', 1),
(11845, '2013-10-02 22:03:53', 2),
(11846, '2013-10-02 22:03:53', 1),
(11847, '2013-10-02 22:04:00', 1),
(11848, '2013-10-02 22:04:00', 2),
(11849, '2013-10-02 22:04:09', 1),
(11850, '2013-10-02 22:04:09', 2),
(11851, '2013-10-02 22:04:09', 1),
(11852, '2013-10-02 22:04:16', 1),
(11853, '2013-10-02 22:04:16', 2),
(11854, '2013-10-02 22:13:07', 2),
(11855, '2013-10-02 22:13:07', 2),
(11856, '2013-10-02 22:13:13', 2),
(11857, '2013-10-02 22:13:13', 2),
(11858, '2013-10-02 22:13:14', 2),
(11859, '2013-10-02 22:16:44', 2),
(11860, '2013-10-02 22:16:45', 2),
(11861, '2013-10-02 22:16:45', 2),
(11862, '2013-10-02 22:16:47', 2),
(11863, '2013-10-02 22:16:47', 2),
(11864, '2013-10-02 22:16:53', 2),
(11865, '2013-10-02 22:16:53', 2),
(11866, '2013-10-02 22:29:53', 2),
(11867, '2013-10-02 22:29:53', 2),
(11868, '2013-10-02 22:29:56', 2),
(11869, '2013-10-02 22:29:56', 2);

-- --------------------------------------------------------

--
-- Table structure for table `rgrade`
--

CREATE TABLE IF NOT EXISTS `rgrade` (
  `id_rgrade` int(10) NOT NULL AUTO_INCREMENT,
  `name_rgrade` varchar(100) NOT NULL,
  PRIMARY KEY (`id_rgrade`)
) ENGINE=InnoDB  DEFAULT CHARSET=latin1 AUTO_INCREMENT=6 ;

--
-- Dumping data for table `rgrade`
--

INSERT INTO `rgrade` (`id_rgrade`, `name_rgrade`) VALUES
(1, 'Ulangan Harian'),
(2, 'Ulangan Tengah Semester'),
(3, 'Ulangan Semester'),
(4, 'Ulangan Kenaikan Kelas'),
(5, 'Ulangan Nasional');

-- --------------------------------------------------------

--
-- Table structure for table `rlink`
--

CREATE TABLE IF NOT EXISTS `rlink` (
  `id_rlink` int(10) NOT NULL AUTO_INCREMENT,
  `name_rlink` varchar(50) NOT NULL,
  PRIMARY KEY (`id_rlink`)
) ENGINE=InnoDB  DEFAULT CHARSET=latin1 AUTO_INCREMENT=9 ;

--
-- Dumping data for table `rlink`
--

INSERT INTO `rlink` (`id_rlink`, `name_rlink`) VALUES
(1, 'Call With Skipe'),
(2, 'Write Email'),
(3, 'Facebook'),
(4, 'Twitter'),
(5, 'Google+'),
(6, 'Linkedin'),
(7, 'YouTube'),
(8, 'Vimeo');

-- --------------------------------------------------------

--
-- Table structure for table `ruser`
--

CREATE TABLE IF NOT EXISTS `ruser` (
  `id_ruser` int(10) NOT NULL AUTO_INCREMENT,
  `id_division` int(10) NOT NULL,
  `name_ruser` varchar(100) NOT NULL,
  PRIMARY KEY (`id_ruser`)
) ENGINE=InnoDB  DEFAULT CHARSET=latin1 AUTO_INCREMENT=9 ;

--
-- Dumping data for table `ruser`
--

INSERT INTO `ruser` (`id_ruser`, `id_division`, `name_ruser`) VALUES
(1, 1, 'Admin'),
(2, 2, 'Kepala Sekolah'),
(3, 2, 'Guru'),
(4, 3, 'Murid'),
(5, 5, 'Alumni'),
(6, 6, 'Kurikulum'),
(7, 7, 'Staff Tata Usaha'),
(8, 8, 'Staff');

-- --------------------------------------------------------

--
-- Table structure for table `status_work`
--

CREATE TABLE IF NOT EXISTS `status_work` (
  `id_status_work` int(10) NOT NULL AUTO_INCREMENT,
  `name_status_work` varchar(100) NOT NULL,
  PRIMARY KEY (`id_status_work`)
) ENGINE=InnoDB  DEFAULT CHARSET=latin1 AUTO_INCREMENT=4 ;

--
-- Dumping data for table `status_work`
--

INSERT INTO `status_work` (`id_status_work`, `name_status_work`) VALUES
(1, 'Belum Selesai'),
(2, 'Masih Revisi'),
(3, 'Sudah Selesai');

-- --------------------------------------------------------

--
-- Table structure for table `tcontent`
--

CREATE TABLE IF NOT EXISTS `tcontent` (
  `id_tcontent` int(10) NOT NULL AUTO_INCREMENT,
  `name_tcontent` varchar(30) NOT NULL,
  PRIMARY KEY (`id_tcontent`)
) ENGINE=MyISAM  DEFAULT CHARSET=latin1 AUTO_INCREMENT=3 ;

--
-- Dumping data for table `tcontent`
--

INSERT INTO `tcontent` (`id_tcontent`, `name_tcontent`) VALUES
(1, 'Kesehatan'),
(2, 'Keterampilan');

-- --------------------------------------------------------

--
-- Table structure for table `user`
--

CREATE TABLE IF NOT EXISTS `user` (
  `id_user` int(10) NOT NULL AUTO_INCREMENT,
  `id_class` int(10) DEFAULT NULL,
  `id_city` int(10) DEFAULT NULL,
  `id_ruser` int(10) NOT NULL,
  `is_auser` int(11) NOT NULL,
  `id_picture` int(10) DEFAULT NULL,
  `school_year` varchar(10) NOT NULL,
  `password` varchar(100) DEFAULT NULL,
  `email` varchar(50) DEFAULT NULL,
  `full_name` varchar(100) DEFAULT NULL,
  `picture_user` varchar(50) DEFAULT NULL,
  `parent_name` varchar(100) DEFAULT NULL,
  `no_jenjang` varchar(200) DEFAULT NULL,
  `nis` varchar(100) DEFAULT NULL,
  `nisn` varchar(50) NOT NULL,
  `nip` varchar(100) DEFAULT NULL,
  `gender` tinyint(4) DEFAULT NULL,
  `born_date` date DEFAULT NULL,
  `address` text,
  `desc_user` text,
  `cd_user` datetime NOT NULL,
  `ud_user` timestamp NOT NULL DEFAULT CURRENT_TIMESTAMP ON UPDATE CURRENT_TIMESTAMP,
  `ll_user` datetime DEFAULT NULL,
  PRIMARY KEY (`id_user`)
) ENGINE=InnoDB  DEFAULT CHARSET=latin1 AUTO_INCREMENT=76 ;

--
-- Dumping data for table `user`
--

INSERT INTO `user` (`id_user`, `id_class`, `id_city`, `id_ruser`, `is_auser`, `id_picture`, `school_year`, `password`, `email`, `full_name`, `picture_user`, `parent_name`, `no_jenjang`, `nis`, `nisn`, `nip`, `gender`, `born_date`, `address`, `desc_user`, `cd_user`, `ud_user`, `ll_user`) VALUES
(8, 3, 8, 3, 1, NULL, '', '6xmjONn0rEjhpDXiiEQQcwAPrNyxpD4Pw6eo5cKcs9kVD3MCkNf+1YrcStsIs/vdtTzIFN31tsdtjX34OTMnvA==', 'bankai@adisanggoro.sch.id', 'Kaito', 'COVER_BROLY_SSJ52.jpg', NULL, NULL, NULL, '', '32434', 1, '2013-07-08', 'http://127.0.0.1/admin/teacher/create.dohttp://127.0.0.1/admin/teacher/create.dohttp://127.0.0.1/admin/teacher/create.dohttp://127.0.0.1/admin/teacher/create.dohttp://127.0.0.1/admin/teacher/create.do', 'http://127.0.0.1/admin/teacher/create.dohttp://127.0.0.1/admin/teacher/create.dohttp://127.0.0.1/admin/teacher/create.dohttp://127.0.0.1/admin/teacher/create.dohttp://127.0.0.1/admin/teacher/create.do', '0000-00-00 00:00:00', '2013-10-01 14:00:07', '2013-07-14 07:26:36'),
(52, 2, 8, 4, 0, NULL, '2013/2014', 'l76Ha89ruswE2FvUji0NUGLsPW4Najmllt0MYL5aWmpybcBLfdRBsSzPAml8eWrrCRVrbH4MGcfc7AglnOrPkw==', 'pan@gmail.com', 'Pan Chan', 'Poster_2012-proposal3.png', 'Son Gohan', '12345', '12345', '12345', NULL, 0, '2013-06-30', '12345123451234512345123451234512345123451234512345123451234512345', 'nothing', '2013-06-29 07:29:55', '2013-10-02 22:13:13', '2013-10-03 05:13:13'),
(55, 1, 7, 4, 1, NULL, '2013/2014', 'r+FlNem52eF9pA1X78DVBXRHnspw2JuZDhaxTNmIqFwCsGY/zt8+eJb50vu+HZRiAwDC2hy1GHbSIuLg/cr3uw==', 'xicors@rocketmail.com', 'Xicors', '10.jpg', 'Son Goku', '122861412', '122861412', '122861412', NULL, 1, '2013-07-31', 'kp. Carang Pulang RT 02/06 No. 4 Ds. Cikarawang Kec. Dramaga', '-', '2013-07-03 02:11:07', '2013-07-15 18:42:30', '2013-07-16 00:07:02'),
(56, 1, 8, 2, 1, NULL, '', 'o0zCcyD329K4d3O97+dfnveDC1c3563a2rknAGp/QkVFjk8pFNoNbzSkSsvuRZ8FwTS3li2hy0TgtEqbri6aEw==', 'masitoh@gmail.com', 'Bu Masitoh', 'COVER_BROLY_SSJ5.jpg', NULL, NULL, NULL, '', '08787447866', 0, '2013-07-09', 'Kp. Carang Pulang RT 04/05 No. - Ds. Cikarawang Kec. Dramaga Kab. Bogor'''''''';"', '-', '0000-00-00 00:00:00', '2013-10-01 14:00:07', '2013-07-19 17:51:17'),
(63, 0, 7, 5, 0, NULL, '2013/2014', 'W+S6S1kPUypwD2uVJ//X9bAaAy9w/yQyklIf2KGXupwYTgWEj55eGyUuLeWSgoybKAR+Bqg/dClKacZ8Y/MTBw==', 'kk1412@rocketmail.com', 'Kaito Kuroba', '2462.jpg', 'Touchi Kuroba', '237489273', '32453904857', '957394857938', '081617272223', 1, '2013-07-03', 'kp. Carang PulangINSERT INTO user SET \r\n      id_ruser=3,', '-', '0000-00-00 00:00:00', '2013-07-15 18:43:54', '2013-07-09 08:13:54'),
(66, 0, 7, 6, 1, NULL, '', '0xXoSs2tHbYgWBHsVDSZWZh8Id5UzN9us8u13z38bbAJYCXKreFl+fMTnxcH9ZZ+IMexToziuZeFC99clr8sBw==', 'kk1412@rocketmail.come', 'Dodi', '0023.jpg', NULL, NULL, NULL, '', '087874478661', 1, '2013-07-08', 'Kp. Carang Pulang RT 02/06 Ds. Cikarawang', '-', '0000-00-00 00:00:00', '2013-07-20 21:43:57', '2013-07-08 05:27:44'),
(71, 2, 8, 8, 1, NULL, '', 'VVOj5TA684TKq8hAZ4CzSfm14z2npU3OW7mTmGAyPdLflXSaRrtIN+1Vtx2jlOZH6BsQqRqQGlT5Ilg07ItwIQ==', 'stu@gmail.com', 'STUA', '2576.jpg', NULL, NULL, NULL, '', '0793485034580901', 0, '2013-07-21', '						id_ruser=$data_re\r\ncord[id\r\n_ruser]\r\n, \r\n\r\n\r\n						id_ruser=$data\r\n_record[i\r\nd_ruser], ', '<br>                        id_r<br>user=$dat<br>a_record[id<br><br>                        id_ruse<br>r=$d<br>ta_reco<br>rd[i<br>d_ruser], <br>_ruser], <br>', '0000-00-00 00:00:00', '2013-07-20 21:53:26', NULL),
(72, NULL, NULL, 1, 0, NULL, '', 'VbUGmieJ1VmLAf9+d5s30hELviJrGFc7QTAm7suZgvg7PWO4h1+TA9+f4spTxE6/03BaLtnaf7V2YzuKBmATZw==', 'hadi.arraafid@gmail.com', 'Hadi Ubaidillah', NULL, NULL, NULL, NULL, '', NULL, NULL, NULL, NULL, NULL, '2013-08-10 17:08:05', '2013-10-02 21:18:14', '2013-10-03 04:18:14'),
(73, NULL, NULL, 1, 0, NULL, '', '1HhR3t36ms2fAIQ2WCQvB+/Qk2uV9ukbNV1pdcfBRDR5BRhSkOoSNmuyDt+kJmvhcazhkoznj5d+WK24Vr8lUQ==', 'xvkh02@gmail.com', 'Xicors Vincent Kuroba', NULL, NULL, NULL, NULL, '', NULL, NULL, NULL, NULL, NULL, '2013-08-10 17:09:09', '2013-10-01 13:41:40', '2013-10-01 20:40:44'),
(74, 3, 8, 4, 1, NULL, '2013/2014', 'TDMIn4GOrwYCACvv6gDFAqJ4roD0TtjUUgrzlxd/7epdz4ZMfTpH4gCmzLbCsEWt8pv2uDLxJPNNjwAPiDq6Ag==', 'm.firdaus@gmail.com', 'Muhamad Firdaus', NULL, 'Jumadi', '989830986094', '934580345780', '4895349057', NULL, 1, '2013-08-11', 'kp. Carang Pulang RT 02/06', '-', '2013-08-11 09:39:56', '2013-10-01 13:34:06', '2013-10-01 20:34:06'),
(75, 1, 8, 4, 0, NULL, '2013/2014', '14FMWj6ay2KlbC2GK3WPV4L57VVdLvINJp5eLnAFRLzmJrHMgO9ew4J8/xOhbdk2/R8P3EHPu4jIr9i09Qb0LQ==', 'xvkh01@gmail.com', 'Xicors Vincent Kuroba', '520.jpeg', 'Son Gohan', '0000', '934580345780', '4895349057', NULL, 1, '2013-09-09', 'xvkh01@gmail.comxvkh01@gmail.comxvkh01@gmail.comxvkh01@gmail.comxvkh01@gmail.comxvkh01@gmail.com', '-', '2013-10-03 04:57:46', '2013-10-02 21:58:35', NULL);

-- --------------------------------------------------------

--
-- Table structure for table `work`
--

CREATE TABLE IF NOT EXISTS `work` (
  `id_work` int(10) NOT NULL AUTO_INCREMENT,
  `id_user` int(10) NOT NULL,
  `id_division` int(10) NOT NULL,
  `name_work` varchar(100) NOT NULL,
  `cdt_work` datetime NOT NULL,
  `start_work` datetime NOT NULL,
  `finish_work` datetime NOT NULL,
  `deadline_rivision` datetime NOT NULL,
  `desc_work` text NOT NULL,
  `picture_work` varchar(200) NOT NULL,
  `status_work` tinyint(2) NOT NULL,
  PRIMARY KEY (`id_work`),
  UNIQUE KEY `id_user` (`id_user`,`id_division`)
) ENGINE=InnoDB  DEFAULT CHARSET=latin1 AUTO_INCREMENT=2 ;

--
-- Dumping data for table `work`
--

INSERT INTO `work` (`id_work`, `id_user`, `id_division`, `name_work`, `cdt_work`, `start_work`, `finish_work`, `deadline_rivision`, `desc_work`, `picture_work`, `status_work`) VALUES
(1, 1, 1, 'membuat kueh', '2013-06-06 12:30:00', '2013-06-06 12:40:00', '2013-06-06 09:00:00', '2013-06-06 13:00:00', 'membuat kueh apem', 'hohoho.png', 1);

/*!40101 SET CHARACTER_SET_CLIENT=@OLD_CHARACTER_SET_CLIENT */;
/*!40101 SET CHARACTER_SET_RESULTS=@OLD_CHARACTER_SET_RESULTS */;
/*!40101 SET COLLATION_CONNECTION=@OLD_COLLATION_CONNECTION */;
